employee_number,first_name,last_name,email,domain_name,country_code,job_title,employment_status,hire_date,currency,pay_frequency,base_salary,bonus,commission,allowance,notes
EMP1001,Karen,Jones,karen.jones.1@acmecorp.internal,"Sales & Marketing",US,"Sales Development Rep",active,2024-07-06,USD,annual,90899.00,5762.00,25851.00,0.00,"Bulk batch generation row 1"
EMP1002,Oliver,Wilson,oliver.wilson.2@acmecorp.internal,"Sales & Marketing",DE,"Account Executive",active,2022-06-17,EUR,annual,105704.00,8952.00,30231.00,14387.00,"Bulk batch generation row 2"
EMP1003,Nancy,Carter,nancy.carter.3@acmecorp.internal,"Sales & Marketing",IE,"Director of Sales",active,2025-01-28,EUR,annual,219772.00,40520.00,30391.00,11011.00,"Bulk batch generation row 3"
EMP1004,Richard,Harris,richard.harris.4@acmecorp.internal,"Sales & Marketing",SG,"Inbound Sales Specialist",active,2025-06-02,SGD,annual,125955.00,18195.00,17605.00,0.00,"Bulk batch generation row 4"
EMP1005,Evelyn,Miller,evelyn.miller.5@acmecorp.internal,"Engineering",AU,"Engineering Manager",active,2021-12-02,AUD,annual,158832.00,15117.00,0.00,0.00,"Bulk batch generation row 5"
EMP1006,Isabella,Harris,isabella.harris.6@acmecorp.internal,"Sales & Marketing",GB,"Marketing Operations Lead",active,2021-09-13,GBP,annual,158684.00,22547.00,43742.00,7672.00,"Bulk batch generation row 6"
EMP1007,Stephanie,White,stephanie.white.7@acmecorp.internal,"Sales & Marketing",NL,"Sales Development Rep",on_leave,2022-02-07,EUR,annual,78019.00,13966.00,18282.00,8889.00,"Bulk batch generation row 7"
EMP1008,Joseph,Robinson,joseph.robinson.8@acmecorp.internal,"Engineering",DE,"Fullstack Engineer",active,2022-11-20,EUR,annual,83154.00,11323.00,0.00,0.00,"Bulk batch generation row 8"
EMP1009,Jackson,Martin,jackson.martin.9@acmecorp.internal,"Engineering",AU,"Cloud Architect",active,2022-03-01,AUD,annual,79968.00,15235.00,0.00,6800.00,"Bulk batch generation row 9"
EMP1010,Theodore,Torres,theodore.torres.10@acmecorp.internal,"Engineering",FR,"Backend Developer",active,2024-07-15,EUR,annual,118282.00,11891.00,0.00,0.00,"Bulk batch generation row 10"
EMP1011,Linda,Thomas,linda.thomas.11@acmecorp.internal,"Engineering",DE,"Cloud Architect",active,2023-05-16,EUR,annual,140121.00,11981.00,0.00,13714.00,"Bulk batch generation row 11"
EMP1012,Luna,Scott,luna.scott.12@acmecorp.internal,"Engineering",DE,"Staff Engineer",active,2024-01-23,EUR,annual,212229.00,25041.00,0.00,0.00,"Bulk batch generation row 12"
EMP1013,Anthony,Clark,anthony.clark.13@acmecorp.internal,"Sales & Marketing",FR,"Senior Account Executive",active,2022-02-09,EUR,annual,181901.00,33747.00,37941.00,13875.00,"Bulk batch generation row 13"
EMP1014,Mateo,Martinez,mateo.martinez.14@acmecorp.internal,"Sales & Marketing",CA,"Head of Partnerships",terminated,2023-12-25,CAD,annual,134432.00,17237.00,27730.00,8396.00,"Bulk batch generation row 14"
EMP1015,Robert,Gonzalez,robert.gonzalez.15@acmecorp.internal,"Engineering",GB,"Software Engineer",active,2022-04-07,GBP,annual,155584.00,18338.00,0.00,10717.00,"Bulk batch generation row 15"
EMP1016,Alexander,Johnson,alexander.johnson.16@acmecorp.internal,"Sales & Marketing",IE,"VP of Global Sales",active,2024-04-28,EUR,annual,211016.00,22307.00,27227.00,9621.00,"Bulk batch generation row 16"
EMP1017,James,Jackson,james.jackson.17@acmecorp.internal,"Engineering",SG,"Engineering Manager",active,2023-12-23,SGD,annual,157096.00,20597.00,0.00,13870.00,"Bulk batch generation row 17"
EMP1018,William,Torres,william.torres.18@acmecorp.internal,"Sales & Marketing",AU,"Customer Success Manager",active,2025-08-22,AUD,annual,158656.00,15195.00,18054.00,13763.00,"Bulk batch generation row 18"
EMP1019,Susan,Anderson,susan.anderson.19@acmecorp.internal,"Engineering",NL,"Junior Software Engineer",active,2023-03-03,EUR,annual,85488.00,13880.00,0.00,10401.00,"Bulk batch generation row 19"
EMP1020,Evelyn,Robinson,evelyn.robinson.20@acmecorp.internal,"Engineering",CA,"Junior Software Engineer",active,2023-11-27,CAD,annual,144754.00,12993.00,0.00,0.00,"Bulk batch generation row 20"
EMP1021,Thomas,Wilson,thomas.wilson.21@acmecorp.internal,"Engineering",FR,"Staff Engineer",active,2021-10-06,EUR,annual,221274.00,30616.00,0.00,8254.00,"Bulk batch generation row 21"
EMP1022,Nancy,Sanchez,nancy.sanchez.22@acmecorp.internal,"Engineering",AU,"Data Engineer",active,2021-05-13,AUD,annual,75050.00,9006.00,0.00,5449.00,"Bulk batch generation row 22"
EMP1023,Liam,Robinson,liam.robinson.23@acmecorp.internal,"Engineering",SG,"Engineering Manager",active,2025-05-03,SGD,annual,130778.00,16523.00,0.00,0.00,"Bulk batch generation row 23"
EMP1024,Jessica,Rodriguez,jessica.rodriguez.24@acmecorp.internal,"Engineering",GB,"Principal Engineer",active,2021-08-20,GBP,annual,171565.00,30254.00,0.00,0.00,"Bulk batch generation row 24"
EMP1025,Benjamin,Wright,benjamin.wright.25@acmecorp.internal,"Engineering",AU,"QA Automation Engineer",active,2023-08-12,AUD,annual,102430.00,17871.00,0.00,0.00,"Bulk batch generation row 25"
EMP1026,Jessica,Davis,jessica.davis.26@acmecorp.internal,"Engineering",NL,"Junior Software Engineer",active,2022-06-14,EUR,annual,131813.00,10418.00,0.00,0.00,"Bulk batch generation row 26"
EMP1027,Patricia,Young,patricia.young.27@acmecorp.internal,"Sales & Marketing",NL,"Head of Partnerships",on_leave,2024-12-22,EUR,annual,99611.00,8441.00,21889.00,13898.00,"Bulk batch generation row 27"
EMP1028,Anthony,Torres,anthony.torres.28@acmecorp.internal,"Sales & Marketing",CA,"Marketing Operations Lead",active,2022-10-15,CAD,annual,156523.00,14215.00,35816.00,14622.00,"Bulk batch generation row 28"
EMP1029,William,Mitchell,william.mitchell.29@acmecorp.internal,"Sales & Marketing",DE,"Account Executive",on_leave,2022-02-18,EUR,annual,99091.00,17962.00,25476.00,13707.00,"Bulk batch generation row 29"
EMP1030,Patricia,Martinez,patricia.martinez.30@acmecorp.internal,"Engineering",GB,"Cloud Architect",active,2025-05-27,GBP,annual,111919.00,7020.00,0.00,14900.00,"Bulk batch generation row 30"
EMP1031,Barbara,Adams,barbara.adams.31@acmecorp.internal,"Engineering",GB,"Backend Developer",active,2023-11-24,GBP,annual,159424.00,29885.00,0.00,11789.00,"Bulk batch generation row 31"
EMP1032,James,Green,james.green.32@acmecorp.internal,"Engineering",IE,"Junior Software Engineer",active,2023-02-19,EUR,annual,142748.00,11486.00,0.00,0.00,"Bulk batch generation row 32"
EMP1033,Amanda,Wilson,amanda.wilson.33@acmecorp.internal,"Engineering",IE,"QA Automation Engineer",active,2024-10-05,EUR,annual,157109.00,19240.00,0.00,0.00,"Bulk batch generation row 33"
EMP1034,Paul,Perez,paul.perez.34@acmecorp.internal,"Engineering",CA,"Fullstack Engineer",active,2022-04-06,CAD,annual,151122.00,8604.00,0.00,0.00,"Bulk batch generation row 34"
EMP1035,Edward,Mitchell,edward.mitchell.35@acmecorp.internal,"Sales & Marketing",FR,"Customer Success Manager",active,2021-03-24,EUR,annual,81354.00,4748.00,18773.00,7962.00,"Bulk batch generation row 35"
EMP1036,Mateo,Lee,mateo.lee.36@acmecorp.internal,"Sales & Marketing",IE,"Account Executive",active,2023-01-24,EUR,annual,78955.00,8553.00,20927.00,5756.00,"Bulk batch generation row 36"
EMP1037,Harper,Hall,harper.hall.37@acmecorp.internal,"Sales & Marketing",US,"Head of Partnerships",on_leave,2023-04-13,USD,annual,88364.00,5799.00,24858.00,8487.00,"Bulk batch generation row 37"
EMP1038,Theodore,Adams,theodore.adams.38@acmecorp.internal,"Engineering",FR,"Cloud Architect",active,2023-09-14,EUR,annual,98892.00,9314.00,0.00,0.00,"Bulk batch generation row 38"
EMP1039,Evelyn,Torres,evelyn.torres.39@acmecorp.internal,"Engineering",NL,"Staff Engineer",active,2021-01-18,EUR,annual,189902.00,18607.00,0.00,0.00,"Bulk batch generation row 39"
EMP1040,Joshua,Brown,joshua.brown.40@acmecorp.internal,"Engineering",IE,"Senior Software Engineer",active,2024-03-01,EUR,annual,174220.00,16102.00,0.00,14610.00,"Bulk batch generation row 40"
EMP1041,Mia,Nelson,mia.nelson.41@acmecorp.internal,"Sales & Marketing",GB,"Growth Marketing Specialist",active,2021-04-18,GBP,annual,147690.00,9397.00,31492.00,7453.00,"Bulk batch generation row 41"
EMP1042,Sarah,Robinson,sarah.robinson.42@acmecorp.internal,"Sales & Marketing",DE,"Sales Development Rep",active,2021-11-17,EUR,annual,146761.00,10782.00,28100.00,0.00,"Bulk batch generation row 42"
EMP1043,Andrew,Taylor,andrew.taylor.43@acmecorp.internal,"Sales & Marketing",IE,"VP of Global Sales",active,2025-06-20,EUR,annual,190517.00,29915.00,53229.00,5904.00,"Bulk batch generation row 43"
EMP1044,Olivia,King,olivia.king.44@acmecorp.internal,"Sales & Marketing",NL,"Director of Sales",active,2024-12-05,EUR,annual,218476.00,39276.00,28448.00,0.00,"Bulk batch generation row 44"
EMP1045,Brian,Young,brian.young.45@acmecorp.internal,"Engineering",DE,"Staff Engineer",active,2021-07-07,EUR,annual,197364.00,38922.00,0.00,5410.00,"Bulk batch generation row 45"
EMP1046,Levi,Hernandez,levi.hernandez.46@acmecorp.internal,"Engineering",CA,"QA Automation Engineer",active,2021-07-13,CAD,annual,158680.00,20718.00,0.00,0.00,"Bulk batch generation row 46"
EMP1047,Joshua,Martin,joshua.martin.47@acmecorp.internal,"Engineering",IE,"Backend Developer",active,2023-06-10,EUR,annual,140944.00,9630.00,0.00,6007.00,"Bulk batch generation row 47"
EMP1048,Emily,Lee,emily.lee.48@acmecorp.internal,"Engineering",FR,"Software Engineer",active,2021-08-01,EUR,annual,140079.00,24237.00,0.00,0.00,"Bulk batch generation row 48"
EMP1049,Benjamin,Allen,benjamin.allen.49@acmecorp.internal,"Sales & Marketing",FR,"Sales Development Rep",active,2025-09-14,EUR,annual,111447.00,11211.00,27815.00,0.00,"Bulk batch generation row 49"
EMP1050,Paul,Martin,paul.martin.50@acmecorp.internal,"Sales & Marketing",DE,"VP of Global Sales",active,2024-06-03,EUR,annual,206027.00,20402.00,46563.00,13843.00,"Bulk batch generation row 50"
EMP1051,Stephanie,King,stephanie.king.51@acmecorp.internal,"Sales & Marketing",AU,"Customer Success Manager",active,2022-12-20,AUD,annual,89432.00,16836.00,9042.00,7433.00,"Bulk batch generation row 51"
EMP1052,Margaret,Williams,margaret.williams.52@acmecorp.internal,"Engineering",SG,"Security Engineer",active,2024-04-01,SGD,annual,153471.00,10033.00,0.00,10399.00,"Bulk batch generation row 52"
EMP1053,Gianna,Baker,gianna.baker.53@acmecorp.internal,"Sales & Marketing",AU,"Inbound Sales Specialist",active,2021-03-16,AUD,annual,127907.00,23745.00,37158.00,6511.00,"Bulk batch generation row 53"
EMP1054,Amelia,Gonzalez,amelia.gonzalez.54@acmecorp.internal,"Sales & Marketing",IE,"Product Marketing Manager",active,2022-09-21,EUR,annual,88889.00,17601.00,13229.00,11393.00,"Bulk batch generation row 54"
EMP1055,Charlotte,Roberts,charlotte.roberts.55@acmecorp.internal,"Engineering",NL,"Security Engineer",active,2022-03-19,EUR,annual,88080.00,14646.00,0.00,0.00,"Bulk batch generation row 55"
EMP1056,Sophia,Robinson,sophia.robinson.56@acmecorp.internal,"Engineering",GB,"Security Engineer",on_leave,2023-03-17,GBP,annual,127631.00,16479.00,0.00,0.00,"Bulk batch generation row 56"
EMP1057,Ava,Wright,ava.wright.57@acmecorp.internal,"Sales & Marketing",DE,"Customer Success Manager",active,2025-09-21,EUR,annual,100013.00,13434.00,19330.00,10697.00,"Bulk batch generation row 57"
EMP1058,Deborah,Rodriguez,deborah.rodriguez.58@acmecorp.internal,"Sales & Marketing",GB,"Head of Partnerships",active,2025-07-15,GBP,annual,157217.00,25138.00,35923.00,9017.00,"Bulk batch generation row 58"
EMP1059,Donna,King,donna.king.59@acmecorp.internal,"Engineering",US,"Fullstack Engineer",active,2021-05-04,USD,annual,96774.00,6957.00,0.00,0.00,"Bulk batch generation row 59"
EMP1060,Elijah,Adams,elijah.adams.60@acmecorp.internal,"Sales & Marketing",GB,"Director of Sales",active,2024-07-20,GBP,annual,221840.00,26495.00,42933.00,12875.00,"Bulk batch generation row 60"
EMP1061,Patricia,Carter,patricia.carter.61@acmecorp.internal,"Engineering",DE,"Site Reliability Engineer",active,2024-12-15,EUR,annual,157698.00,8760.00,0.00,0.00,"Bulk batch generation row 61"
EMP1062,Joseph,Rivera,joseph.rivera.62@acmecorp.internal,"Engineering",DE,"Principal Engineer",active,2025-11-21,EUR,annual,152050.00,23412.00,0.00,0.00,"Bulk batch generation row 62"
EMP1063,Stephanie,Miller,stephanie.miller.63@acmecorp.internal,"Engineering",GB,"QA Automation Engineer",on_leave,2021-02-10,GBP,annual,123403.00,22920.00,0.00,0.00,"Bulk batch generation row 63"
EMP1064,Luna,Young,luna.young.64@acmecorp.internal,"Engineering",AU,"Frontend Developer",active,2023-05-06,AUD,annual,156956.00,16974.00,0.00,10685.00,"Bulk batch generation row 64"
EMP1065,Sophia,Baker,sophia.baker.65@acmecorp.internal,"Engineering",GB,"Site Reliability Engineer",active,2024-02-17,GBP,annual,77267.00,15354.00,0.00,9119.00,"Bulk batch generation row 65"
EMP1066,George,Davis,george.davis.66@acmecorp.internal,"Sales & Marketing",SG,"VP of Global Sales",active,2023-07-08,SGD,annual,216190.00,21848.00,40485.00,11065.00,"Bulk batch generation row 66"
EMP1067,Emma,Martinez,emma.martinez.67@acmecorp.internal,"Engineering",FR,"Site Reliability Engineer",active,2024-10-22,EUR,annual,107791.00,8276.00,0.00,9462.00,"Bulk batch generation row 67"
EMP1068,Ashley,Perez,ashley.perez.68@acmecorp.internal,"Engineering",SG,"Site Reliability Engineer",active,2022-05-11,SGD,annual,121577.00,6532.00,0.00,14785.00,"Bulk batch generation row 68"
EMP1069,Henry,Rodriguez,henry.rodriguez.69@acmecorp.internal,"Sales & Marketing",NL,"Enterprise Account Exec",active,2023-02-25,EUR,annual,149117.00,23906.00,22128.00,0.00,"Bulk batch generation row 69"
EMP1070,Barbara,Moore,barbara.moore.70@acmecorp.internal,"Engineering",US,"Junior Software Engineer",active,2022-03-26,USD,annual,150757.00,14542.00,0.00,0.00,"Bulk batch generation row 70"
EMP1071,Patricia,Clark,patricia.clark.71@acmecorp.internal,"Engineering",SG,"Frontend Developer",on_leave,2024-01-17,SGD,annual,121227.00,18217.00,0.00,5644.00,"Bulk batch generation row 71"
EMP1072,Elizabeth,Roberts,elizabeth.roberts.72@acmecorp.internal,"Engineering",US,"Principal Engineer",active,2022-11-09,USD,annual,209233.00,22587.00,0.00,0.00,"Bulk batch generation row 72"
EMP1073,Betty,Campbell,betty.campbell.73@acmecorp.internal,"Engineering",IE,"Cloud Architect",active,2023-06-01,EUR,annual,112480.00,15088.00,0.00,6832.00,"Bulk batch generation row 73"
EMP1074,Oliver,Davis,oliver.davis.74@acmecorp.internal,"Engineering",AU,"Cloud Architect",on_leave,2023-06-15,AUD,annual,90307.00,7371.00,0.00,12093.00,"Bulk batch generation row 74"
EMP1075,Christopher,Campbell,christopher.campbell.75@acmecorp.internal,"Engineering",US,"Cloud Architect",active,2023-05-26,USD,annual,86894.00,16583.00,0.00,0.00,"Bulk batch generation row 75"
EMP1076,Alexander,Clark,alexander.clark.76@acmecorp.internal,"Engineering",NL,"Backend Developer",active,2024-05-17,EUR,annual,124506.00,22502.00,0.00,0.00,"Bulk batch generation row 76"
EMP1077,Sarah,Martin,sarah.martin.77@acmecorp.internal,"Engineering",GB,"Security Engineer",active,2024-03-12,GBP,annual,143828.00,16121.00,0.00,13016.00,"Bulk batch generation row 77"
EMP1078,Michelle,Green,michelle.green.78@acmecorp.internal,"Sales & Marketing",SG,"Inbound Sales Specialist",active,2025-04-07,SGD,annual,128917.00,12759.00,16025.00,10854.00,"Bulk batch generation row 78"
EMP1079,Liam,Nelson,liam.nelson.79@acmecorp.internal,"Engineering",NL,"Staff Engineer",on_leave,2024-03-22,EUR,annual,181475.00,33363.00,0.00,14904.00,"Bulk batch generation row 79"
EMP1080,Thomas,Harris,thomas.harris.80@acmecorp.internal,"Sales & Marketing",NL,"Product Marketing Manager",active,2022-12-26,EUR,annual,142943.00,18622.00,17525.00,0.00,"Bulk batch generation row 80"
EMP1081,Jennifer,Davis,jennifer.davis.81@acmecorp.internal,"Sales & Marketing",GB,"Head of Partnerships",active,2024-06-21,GBP,annual,113538.00,19182.00,26270.00,0.00,"Bulk batch generation row 81"
EMP1082,Barbara,Harris,barbara.harris.82@acmecorp.internal,"Sales & Marketing",US,"Account Executive",active,2021-10-07,USD,annual,90205.00,15535.00,12298.00,0.00,"Bulk batch generation row 82"
EMP1083,Luna,Davis,luna.davis.83@acmecorp.internal,"Sales & Marketing",US,"Enterprise Account Exec",active,2024-01-13,USD,annual,111415.00,9564.00,21674.00,9037.00,"Bulk batch generation row 83"
EMP1084,Anthony,Green,anthony.green.84@acmecorp.internal,"Engineering",DE,"Site Reliability Engineer",active,2024-09-21,EUR,annual,145005.00,18146.00,0.00,8652.00,"Bulk batch generation row 84"
EMP1085,Deborah,Jones,deborah.jones.85@acmecorp.internal,"Sales & Marketing",SG,"Inbound Sales Specialist",active,2021-12-13,SGD,annual,149647.00,10639.00,36248.00,13478.00,"Bulk batch generation row 85"
EMP1086,Donald,Moore,donald.moore.86@acmecorp.internal,"Engineering",AU,"Fullstack Engineer",active,2024-09-26,AUD,annual,103713.00,17074.00,0.00,9668.00,"Bulk batch generation row 86"
EMP1087,Brian,Gonzalez,brian.gonzalez.87@acmecorp.internal,"Engineering",FR,"Staff Engineer",active,2023-11-17,EUR,annual,163426.00,17983.00,0.00,6223.00,"Bulk batch generation row 87"
EMP1088,Elizabeth,Sanchez,elizabeth.sanchez.88@acmecorp.internal,"Engineering",AU,"Staff Engineer",active,2022-08-26,AUD,annual,205820.00,12601.00,0.00,0.00,"Bulk batch generation row 88"
EMP1089,Mark,Baker,mark.baker.89@acmecorp.internal,"Sales & Marketing",FR,"Account Executive",active,2021-02-13,EUR,annual,113980.00,16334.00,14794.00,5020.00,"Bulk batch generation row 89"
EMP1090,Sandra,Williams,sandra.williams.90@acmecorp.internal,"Engineering",CA,"Site Reliability Engineer",active,2023-04-07,CAD,annual,94086.00,15318.00,0.00,12124.00,"Bulk batch generation row 90"
EMP1091,James,Rivera,james.rivera.91@acmecorp.internal,"Engineering",GB,"DevOps Engineer",active,2021-09-12,GBP,annual,94905.00,14033.00,0.00,0.00,"Bulk batch generation row 91"
EMP1092,Amelia,Rodriguez,amelia.rodriguez.92@acmecorp.internal,"Engineering",DE,"Junior Software Engineer",active,2022-01-14,EUR,annual,124938.00,19773.00,0.00,7387.00,"Bulk batch generation row 92"
EMP1093,Sandra,Lopez,sandra.lopez.93@acmecorp.internal,"Engineering",SG,"Frontend Developer",active,2021-01-18,SGD,annual,97272.00,17665.00,0.00,6969.00,"Bulk batch generation row 93"
EMP1094,Margaret,Clark,margaret.clark.94@acmecorp.internal,"Engineering",GB,"Security Engineer",active,2021-08-11,GBP,annual,137994.00,11008.00,0.00,0.00,"Bulk batch generation row 94"
EMP1095,Michael,Garcia,michael.garcia.95@acmecorp.internal,"Engineering",US,"Data Engineer",active,2021-04-10,USD,annual,98603.00,17011.00,0.00,0.00,"Bulk batch generation row 95"
EMP1096,Mark,Carter,mark.carter.96@acmecorp.internal,"Sales & Marketing",AU,"Inbound Sales Specialist",active,2021-10-16,AUD,annual,153768.00,15024.00,31591.00,0.00,"Bulk batch generation row 96"
EMP1097,David,Perez,david.perez.97@acmecorp.internal,"Engineering",NL,"Staff Engineer",terminated,2022-09-08,EUR,annual,149109.00,15780.00,0.00,7710.00,"Bulk batch generation row 97"
EMP1098,Oliver,Jackson,oliver.jackson.98@acmecorp.internal,"Sales & Marketing",DE,"Senior Account Executive",active,2023-05-14,EUR,annual,118325.00,10082.00,30905.00,5204.00,"Bulk batch generation row 98"
EMP1099,Luna,Ramirez,luna.ramirez.99@acmecorp.internal,"Engineering",US,"Software Engineer",active,2021-07-15,USD,annual,117561.00,19036.00,0.00,7082.00,"Bulk batch generation row 99"
EMP1100,George,Walker,george.walker.100@acmecorp.internal,"Engineering",US,"Security Engineer",active,2023-04-20,USD,annual,89059.00,16956.00,0.00,0.00,"Bulk batch generation row 100"
EMP1101,Harper,Carter,harper.carter.101@acmecorp.internal,"Sales & Marketing",NL,"Customer Success Manager",active,2023-06-13,EUR,annual,118296.00,13343.00,34966.00,10956.00,"Bulk batch generation row 101"
EMP1102,Ella,Williams,ella.williams.102@acmecorp.internal,"Sales & Marketing",US,"Customer Success Manager",on_leave,2023-08-02,USD,annual,137624.00,20314.00,23283.00,7279.00,"Bulk batch generation row 102"
EMP1103,Robert,Thomas,robert.thomas.103@acmecorp.internal,"Engineering",NL,"Junior Software Engineer",active,2023-02-21,EUR,annual,87680.00,10252.00,0.00,0.00,"Bulk batch generation row 103"
EMP1104,Brian,Anderson,brian.anderson.104@acmecorp.internal,"Engineering",IE,"Staff Engineer",terminated,2023-08-18,EUR,annual,209462.00,12264.00,0.00,5040.00,"Bulk batch generation row 104"
EMP1105,Richard,Thomas,richard.thomas.105@acmecorp.internal,"Engineering",US,"Senior Software Engineer",active,2025-08-08,USD,annual,163346.00,10678.00,0.00,0.00,"Bulk batch generation row 105"
EMP1106,Mia,Mitchell,mia.mitchell.106@acmecorp.internal,"Engineering",SG,"QA Automation Engineer",active,2021-05-06,SGD,annual,96828.00,14157.00,0.00,0.00,"Bulk batch generation row 106"
EMP1107,Michelle,King,michelle.king.107@acmecorp.internal,"Engineering",FR,"Junior Software Engineer",terminated,2023-10-15,EUR,annual,98224.00,12689.00,0.00,0.00,"Bulk batch generation row 107"
EMP1108,Andrew,Garcia,andrew.garcia.108@acmecorp.internal,"Sales & Marketing",IE,"Product Marketing Manager",active,2021-08-17,EUR,annual,148140.00,17987.00,22594.00,13917.00,"Bulk batch generation row 108"
EMP1109,Karen,Sanchez,karen.sanchez.109@acmecorp.internal,"Engineering",NL,"QA Automation Engineer",active,2025-12-03,EUR,annual,139038.00,16709.00,0.00,0.00,"Bulk batch generation row 109"
EMP1110,Charlotte,Carter,charlotte.carter.110@acmecorp.internal,"Sales & Marketing",IE,"Sales Development Rep",active,2022-01-25,EUR,annual,131317.00,11521.00,29155.00,0.00,"Bulk batch generation row 110"
EMP1111,Anthony,Hernandez,anthony.hernandez.111@acmecorp.internal,"Engineering",IE,"DevOps Engineer",active,2022-02-25,EUR,annual,96575.00,4890.00,0.00,14745.00,"Bulk batch generation row 111"
EMP1112,Daniel,Miller,daniel.miller.112@acmecorp.internal,"Engineering",GB,"Senior Software Engineer",active,2025-11-25,GBP,annual,187208.00,29109.00,0.00,14337.00,"Bulk batch generation row 112"
EMP1113,Susan,Walker,susan.walker.113@acmecorp.internal,"Sales & Marketing",DE,"Marketing Operations Lead",active,2021-11-27,EUR,annual,119341.00,18619.00,15330.00,12193.00,"Bulk batch generation row 113"
EMP1114,Emma,Flores,emma.flores.114@acmecorp.internal,"Engineering",US,"Data Engineer",active,2024-04-03,USD,annual,120452.00,8285.00,0.00,6531.00,"Bulk batch generation row 114"
EMP1115,Sophia,Torres,sophia.torres.115@acmecorp.internal,"Engineering",GB,"Senior Software Engineer",active,2022-10-06,GBP,annual,132740.00,25293.00,0.00,0.00,"Bulk batch generation row 115"
EMP1116,Andrew,Torres,andrew.torres.116@acmecorp.internal,"Sales & Marketing",FR,"Account Executive",on_leave,2022-04-16,EUR,annual,93299.00,9867.00,15888.00,11935.00,"Bulk batch generation row 116"
EMP1117,Luna,Carter,luna.carter.117@acmecorp.internal,"Sales & Marketing",AU,"Marketing Operations Lead",active,2021-10-18,AUD,annual,164717.00,25950.00,17552.00,13266.00,"Bulk batch generation row 117"
EMP1118,Mark,Carter,mark.carter.118@acmecorp.internal,"Engineering",FR,"Engineering Manager",active,2024-07-02,EUR,annual,99719.00,9668.00,0.00,11044.00,"Bulk batch generation row 118"
EMP1119,Donna,Nguyen,donna.nguyen.119@acmecorp.internal,"Sales & Marketing",DE,"Account Executive",active,2021-01-27,EUR,annual,88160.00,9142.00,23986.00,0.00,"Bulk batch generation row 119"
EMP1120,Joseph,Thomas,joseph.thomas.120@acmecorp.internal,"Engineering",DE,"Site Reliability Engineer",active,2022-06-20,EUR,annual,136891.00,14293.00,0.00,0.00,"Bulk batch generation row 120"
EMP1121,Jackson,Young,jackson.young.121@acmecorp.internal,"Engineering",FR,"Security Engineer",terminated,2023-12-26,EUR,annual,90627.00,6213.00,0.00,13051.00,"Bulk batch generation row 121"
EMP1122,Sarah,Adams,sarah.adams.122@acmecorp.internal,"Sales & Marketing",NL,"Director of Sales",active,2024-04-02,EUR,annual,208273.00,22240.00,22358.00,0.00,"Bulk batch generation row 122"
EMP1123,Levi,Thompson,levi.thompson.123@acmecorp.internal,"Sales & Marketing",SG,"Inbound Sales Specialist",on_leave,2021-12-22,SGD,annual,116018.00,14363.00,16985.00,0.00,"Bulk batch generation row 123"
EMP1124,Ella,Harris,ella.harris.124@acmecorp.internal,"Engineering",IE,"Engineering Manager",active,2021-07-10,EUR,annual,78473.00,5793.00,0.00,0.00,"Bulk batch generation row 124"
EMP1125,James,Roberts,james.roberts.125@acmecorp.internal,"Sales & Marketing",SG,"Sales Development Rep",active,2021-02-08,SGD,annual,121531.00,9820.00,34210.00,0.00,"Bulk batch generation row 125"
EMP1126,Olivia,Gonzalez,olivia.gonzalez.126@acmecorp.internal,"Sales & Marketing",US,"VP of Global Sales",active,2024-04-18,USD,annual,227336.00,44521.00,37487.00,7656.00,"Bulk batch generation row 126"
EMP1127,Benjamin,Sanchez,benjamin.sanchez.127@acmecorp.internal,"Engineering",FR,"Principal Engineer",active,2025-06-18,EUR,annual,161439.00,31535.00,0.00,0.00,"Bulk batch generation row 127"
EMP1128,Camila,Young,camila.young.128@acmecorp.internal,"Engineering",FR,"Software Engineer",active,2021-11-08,EUR,annual,79624.00,15072.00,0.00,6156.00,"Bulk batch generation row 128"
EMP1129,Daniel,Jackson,daniel.jackson.129@acmecorp.internal,"Sales & Marketing",FR,"Account Executive",active,2023-11-06,EUR,annual,145008.00,7667.00,30580.00,0.00,"Bulk batch generation row 129"
EMP1130,Kimberly,Roberts,kimberly.roberts.130@acmecorp.internal,"Sales & Marketing",NL,"Growth Marketing Specialist",active,2024-04-24,EUR,annual,141776.00,24558.00,28186.00,6306.00,"Bulk batch generation row 130"
EMP1131,Kevin,Adams,kevin.adams.131@acmecorp.internal,"Engineering",SG,"Junior Software Engineer",active,2024-10-26,SGD,annual,87535.00,16116.00,0.00,0.00,"Bulk batch generation row 131"
EMP1132,Emily,Adams,emily.adams.132@acmecorp.internal,"Sales & Marketing",NL,"Growth Marketing Specialist",active,2024-06-10,EUR,annual,98077.00,5887.00,22474.00,11578.00,"Bulk batch generation row 132"
EMP1133,Sarah,Wright,sarah.wright.133@acmecorp.internal,"Sales & Marketing",AU,"Marketing Operations Lead",active,2023-01-06,AUD,annual,117986.00,17377.00,21944.00,10230.00,"Bulk batch generation row 133"
EMP1134,Richard,Nguyen,richard.nguyen.134@acmecorp.internal,"Engineering",NL,"Senior Software Engineer",active,2025-09-06,EUR,annual,193224.00,19923.00,0.00,0.00,"Bulk batch generation row 134"
EMP1135,Elizabeth,Smith,elizabeth.smith.135@acmecorp.internal,"Engineering",DE,"Data Engineer",active,2022-11-04,EUR,annual,131428.00,17591.00,0.00,0.00,"Bulk batch generation row 135"
EMP1136,Gianna,Anderson,gianna.anderson.136@acmecorp.internal,"Engineering",FR,"QA Automation Engineer",active,2022-08-28,EUR,annual,99025.00,19488.00,0.00,9246.00,"Bulk batch generation row 136"
EMP1137,Amanda,Jackson,amanda.jackson.137@acmecorp.internal,"Engineering",FR,"Staff Engineer",active,2025-07-05,EUR,annual,175088.00,21319.00,0.00,8300.00,"Bulk batch generation row 137"
EMP1138,Thomas,Baker,thomas.baker.138@acmecorp.internal,"Engineering",FR,"Site Reliability Engineer",active,2024-09-15,EUR,annual,104576.00,16299.00,0.00,0.00,"Bulk batch generation row 138"
EMP1139,Elijah,Baker,elijah.baker.139@acmecorp.internal,"Sales & Marketing",SG,"Inbound Sales Specialist",active,2021-09-17,SGD,annual,82147.00,4404.00,21086.00,0.00,"Bulk batch generation row 139"
EMP1140,Jack,Ramirez,jack.ramirez.140@acmecorp.internal,"Engineering",US,"Backend Developer",active,2022-10-05,USD,annual,109282.00,12262.00,0.00,0.00,"Bulk batch generation row 140"
EMP1141,Ella,Miller,ella.miller.141@acmecorp.internal,"Sales & Marketing",AU,"Customer Success Manager",active,2025-09-26,AUD,annual,106010.00,13445.00,27382.00,0.00,"Bulk batch generation row 141"
EMP1142,George,Torres,george.torres.142@acmecorp.internal,"Sales & Marketing",US,"Enterprise Account Exec",active,2023-03-22,USD,annual,94991.00,16983.00,25951.00,0.00,"Bulk batch generation row 142"
EMP1143,William,Scott,william.scott.143@acmecorp.internal,"Engineering",DE,"Site Reliability Engineer",active,2023-01-04,EUR,annual,94764.00,15488.00,0.00,0.00,"Bulk batch generation row 143"
EMP1144,Camila,Nguyen,camila.nguyen.144@acmecorp.internal,"Sales & Marketing",DE,"Account Executive",active,2021-08-21,EUR,annual,149951.00,25280.00,44181.00,0.00,"Bulk batch generation row 144"
EMP1145,Amanda,Miller,amanda.miller.145@acmecorp.internal,"Engineering",GB,"Staff Engineer",active,2023-07-13,GBP,annual,214056.00,27591.00,0.00,0.00,"Bulk batch generation row 145"
EMP1146,Harper,Ramirez,harper.ramirez.146@acmecorp.internal,"Engineering",GB,"DevOps Engineer",active,2022-06-21,GBP,annual,88535.00,8946.00,0.00,7245.00,"Bulk batch generation row 146"
EMP1147,William,Adams,william.adams.147@acmecorp.internal,"Engineering",AU,"Fullstack Engineer",active,2021-08-08,AUD,annual,157765.00,27107.00,0.00,0.00,"Bulk batch generation row 147"
EMP1148,Charles,Martinez,charles.martinez.148@acmecorp.internal,"Sales & Marketing",CA,"Sales Development Rep",active,2025-10-23,CAD,annual,88486.00,13295.00,17283.00,13617.00,"Bulk batch generation row 148"
EMP1149,Gianna,Martinez,gianna.martinez.149@acmecorp.internal,"Sales & Marketing",NL,"Growth Marketing Specialist",active,2022-08-09,EUR,annual,77297.00,10928.00,17588.00,0.00,"Bulk batch generation row 149"
EMP1150,Melissa,Jones,melissa.jones.150@acmecorp.internal,"Sales & Marketing",US,"Inbound Sales Specialist",active,2022-01-08,USD,annual,114142.00,9126.00,33493.00,0.00,"Bulk batch generation row 150"
EMP1151,Margaret,Wilson,margaret.wilson.151@acmecorp.internal,"Engineering",CA,"Staff Engineer",active,2024-11-23,CAD,annual,187239.00,36614.00,0.00,9174.00,"Bulk batch generation row 151"
EMP1152,Elizabeth,Nelson,elizabeth.nelson.152@acmecorp.internal,"Engineering",GB,"Cloud Architect",active,2025-08-09,GBP,annual,119281.00,9213.00,0.00,13242.00,"Bulk batch generation row 152"
EMP1153,Donald,Campbell,donald.campbell.153@acmecorp.internal,"Engineering",IE,"QA Automation Engineer",active,2023-02-27,EUR,annual,113504.00,9394.00,0.00,0.00,"Bulk batch generation row 153"
EMP1154,Michelle,Wilson,michelle.wilson.154@acmecorp.internal,"Sales & Marketing",NL,"Inbound Sales Specialist",active,2022-08-12,EUR,annual,101741.00,15444.00,17775.00,0.00,"Bulk batch generation row 154"
EMP1155,Barbara,Hernandez,barbara.hernandez.155@acmecorp.internal,"Engineering",US,"Security Engineer",active,2023-06-07,USD,annual,98514.00,5917.00,0.00,5197.00,"Bulk batch generation row 155"
EMP1156,George,Clark,george.clark.156@acmecorp.internal,"Sales & Marketing",GB,"Enterprise Account Exec",active,2021-10-04,GBP,annual,146851.00,18809.00,15824.00,0.00,"Bulk batch generation row 156"
EMP1157,Olivia,Jackson,olivia.jackson.157@acmecorp.internal,"Engineering",GB,"Principal Engineer",active,2025-07-08,GBP,annual,202301.00,10269.00,0.00,0.00,"Bulk batch generation row 157"
EMP1158,Kevin,Nelson,kevin.nelson.158@acmecorp.internal,"Sales & Marketing",CA,"Customer Success Manager",active,2024-09-21,CAD,annual,82027.00,8329.00,20479.00,11301.00,"Bulk batch generation row 158"
EMP1159,Robert,Young,robert.young.159@acmecorp.internal,"Engineering",FR,"Site Reliability Engineer",on_leave,2022-10-02,EUR,annual,131110.00,21914.00,0.00,14378.00,"Bulk batch generation row 159"
EMP1160,Sophia,Davis,sophia.davis.160@acmecorp.internal,"Engineering",DE,"QA Automation Engineer",active,2022-01-28,EUR,annual,91454.00,10928.00,0.00,10065.00,"Bulk batch generation row 160"
EMP1161,Joseph,Hill,joseph.hill.161@acmecorp.internal,"Sales & Marketing",FR,"Head of Partnerships",on_leave,2023-06-09,EUR,annual,123842.00,17368.00,34265.00,11346.00,"Bulk batch generation row 161"
EMP1162,Henry,Mitchell,henry.mitchell.162@acmecorp.internal,"Sales & Marketing",FR,"Director of Sales",active,2024-11-28,EUR,annual,228576.00,41011.00,43538.00,7235.00,"Bulk batch generation row 162"
EMP1163,George,Harris,george.harris.163@acmecorp.internal,"Engineering",AU,"Software Engineer",active,2021-02-16,AUD,annual,133615.00,9435.00,0.00,0.00,"Bulk batch generation row 163"
EMP1164,Amanda,Miller,amanda.miller.164@acmecorp.internal,"Sales & Marketing",US,"Product Marketing Manager",terminated,2025-01-08,USD,annual,80612.00,4043.00,9567.00,7157.00,"Bulk batch generation row 164"
EMP1165,Michael,Wilson,michael.wilson.165@acmecorp.internal,"Sales & Marketing",IE,"VP of Global Sales",active,2022-04-01,EUR,annual,208155.00,19532.00,54165.00,0.00,"Bulk batch generation row 165"
EMP1166,James,Walker,james.walker.166@acmecorp.internal,"Sales & Marketing",US,"Senior Account Executive",active,2023-01-18,USD,annual,153631.00,19324.00,18182.00,14207.00,"Bulk batch generation row 166"
EMP1167,James,Jackson,james.jackson.167@acmecorp.internal,"Engineering",CA,"Security Engineer",active,2022-02-20,CAD,annual,92168.00,6079.00,0.00,10212.00,"Bulk batch generation row 167"
EMP1168,Elijah,Jones,elijah.jones.168@acmecorp.internal,"Engineering",FR,"Staff Engineer",active,2022-09-25,EUR,annual,166093.00,17597.00,0.00,0.00,"Bulk batch generation row 168"
EMP1169,Gianna,Nelson,gianna.nelson.169@acmecorp.internal,"Sales & Marketing",US,"Marketing Operations Lead",active,2021-05-23,USD,annual,191419.00,19942.00,31570.00,14575.00,"Bulk batch generation row 169"
EMP1170,Michael,Williams,michael.williams.170@acmecorp.internal,"Engineering",IE,"Staff Engineer",terminated,2023-06-28,EUR,annual,181902.00,15786.00,0.00,7471.00,"Bulk batch generation row 170"
EMP1171,Amelia,Torres,amelia.torres.171@acmecorp.internal,"Engineering",SG,"DevOps Engineer",active,2021-06-16,SGD,annual,109181.00,11286.00,0.00,0.00,"Bulk batch generation row 171"
EMP1172,Donna,Sanchez,donna.sanchez.172@acmecorp.internal,"Engineering",US,"Software Engineer",active,2022-12-15,USD,annual,106968.00,15126.00,0.00,9573.00,"Bulk batch generation row 172"
EMP1173,George,Garcia,george.garcia.173@acmecorp.internal,"Engineering",CA,"Engineering Manager",active,2023-07-11,CAD,annual,141254.00,26349.00,0.00,0.00,"Bulk batch generation row 173"
EMP1174,James,Young,james.young.174@acmecorp.internal,"Engineering",CA,"Fullstack Engineer",active,2022-11-22,CAD,annual,116584.00,9390.00,0.00,0.00,"Bulk batch generation row 174"
EMP1175,Kimberly,Jackson,kimberly.jackson.175@acmecorp.internal,"Engineering",DE,"Data Engineer",active,2025-01-20,EUR,annual,119165.00,22269.00,0.00,0.00,"Bulk batch generation row 175"
EMP1176,Amelia,White,amelia.white.176@acmecorp.internal,"Sales & Marketing",GB,"Account Executive",active,2022-06-13,GBP,annual,85155.00,7927.00,17671.00,7579.00,"Bulk batch generation row 176"
EMP1177,Richard,Sanchez,richard.sanchez.177@acmecorp.internal,"Engineering",CA,"Site Reliability Engineer",active,2023-11-28,CAD,annual,101739.00,17477.00,0.00,12458.00,"Bulk batch generation row 177"
EMP1178,Jack,Thomas,jack.thomas.178@acmecorp.internal,"Engineering",DE,"Staff Engineer",active,2024-03-03,EUR,annual,187394.00,9685.00,0.00,0.00,"Bulk batch generation row 178"
EMP1179,Carol,Baker,carol.baker.179@acmecorp.internal,"Engineering",SG,"DevOps Engineer",active,2025-07-04,SGD,annual,127732.00,21624.00,0.00,10544.00,"Bulk batch generation row 179"
EMP1180,Emma,Lopez,emma.lopez.180@acmecorp.internal,"Engineering",IE,"Data Engineer",active,2022-05-23,EUR,annual,89926.00,9619.00,0.00,0.00,"Bulk batch generation row 180"
EMP1181,Benjamin,Adams,benjamin.adams.181@acmecorp.internal,"Engineering",SG,"Data Engineer",active,2024-02-10,SGD,annual,91623.00,14286.00,0.00,10599.00,"Bulk batch generation row 181"
EMP1182,Nancy,Thomas,nancy.thomas.182@acmecorp.internal,"Engineering",US,"Senior Software Engineer",on_leave,2021-01-03,USD,annual,174518.00,33954.00,0.00,0.00,"Bulk batch generation row 182"
EMP1183,Isabella,Allen,isabella.allen.183@acmecorp.internal,"Engineering",CA,"Data Engineer",active,2024-02-07,CAD,annual,157822.00,9370.00,0.00,8661.00,"Bulk batch generation row 183"
EMP1184,Sandra,Perez,sandra.perez.184@acmecorp.internal,"Sales & Marketing",IE,"Enterprise Account Exec",active,2023-04-21,EUR,annual,136146.00,19892.00,34446.00,0.00,"Bulk batch generation row 184"
EMP1185,Kimberly,Robinson,kimberly.robinson.185@acmecorp.internal,"Engineering",AU,"Cloud Architect",active,2022-03-04,AUD,annual,137619.00,12239.00,0.00,0.00,"Bulk batch generation row 185"
EMP1186,Brian,Green,brian.green.186@acmecorp.internal,"Engineering",GB,"Senior Software Engineer",active,2024-12-22,GBP,annual,130961.00,16462.00,0.00,0.00,"Bulk batch generation row 186"
EMP1187,Amanda,Adams,amanda.adams.187@acmecorp.internal,"Engineering",IE,"QA Automation Engineer",active,2021-11-22,EUR,annual,138826.00,21419.00,0.00,0.00,"Bulk batch generation row 187"
EMP1188,James,Garcia,james.garcia.188@acmecorp.internal,"Engineering",SG,"Fullstack Engineer",active,2025-07-19,SGD,annual,98348.00,15049.00,0.00,0.00,"Bulk batch generation row 188"
EMP1189,Edward,Lee,edward.lee.189@acmecorp.internal,"Sales & Marketing",AU,"Senior Account Executive",active,2024-10-04,AUD,annual,183007.00,35287.00,52240.00,13818.00,"Bulk batch generation row 189"
EMP1190,Charles,Scott,charles.scott.190@acmecorp.internal,"Engineering",GB,"Site Reliability Engineer",active,2024-07-01,GBP,annual,153404.00,22686.00,0.00,0.00,"Bulk batch generation row 190"
EMP1191,Daniel,Jones,daniel.jones.191@acmecorp.internal,"Engineering",AU,"Senior Software Engineer",active,2022-11-26,AUD,annual,157765.00,8617.00,0.00,5476.00,"Bulk batch generation row 191"
EMP1192,Patricia,Adams,patricia.adams.192@acmecorp.internal,"Sales & Marketing",CA,"Account Executive",active,2023-07-07,CAD,annual,81614.00,6617.00,20832.00,12447.00,"Bulk batch generation row 192"
EMP1193,Mark,Thomas,mark.thomas.193@acmecorp.internal,"Sales & Marketing",CA,"Account Executive",active,2025-03-07,CAD,annual,124571.00,20790.00,14216.00,10378.00,"Bulk batch generation row 193"
EMP1194,Gianna,Johnson,gianna.johnson.194@acmecorp.internal,"Engineering",CA,"Security Engineer",active,2023-06-01,CAD,annual,126757.00,16919.00,0.00,11151.00,"Bulk batch generation row 194"
EMP1195,William,Lewis,william.lewis.195@acmecorp.internal,"Engineering",NL,"Data Engineer",active,2024-11-17,EUR,annual,113091.00,8706.00,0.00,5311.00,"Bulk batch generation row 195"
EMP1196,Sarah,Allen,sarah.allen.196@acmecorp.internal,"Sales & Marketing",FR,"Marketing Operations Lead",active,2024-05-09,EUR,annual,168678.00,24531.00,40823.00,0.00,"Bulk batch generation row 196"
EMP1197,Emily,Johnson,emily.johnson.197@acmecorp.internal,"Engineering",FR,"Security Engineer",active,2023-03-08,EUR,annual,108422.00,15254.00,0.00,14900.00,"Bulk batch generation row 197"
EMP1198,Andrew,Smith,andrew.smith.198@acmecorp.internal,"Sales & Marketing",NL,"Inbound Sales Specialist",active,2024-08-25,EUR,annual,125112.00,24091.00,25713.00,0.00,"Bulk batch generation row 198"
EMP1199,Amelia,Thomas,amelia.thomas.199@acmecorp.internal,"Engineering",AU,"QA Automation Engineer",active,2022-04-25,AUD,annual,92173.00,5009.00,0.00,0.00,"Bulk batch generation row 199"
EMP1200,Kimberly,Johnson,kimberly.johnson.200@acmecorp.internal,"Engineering",SG,"Staff Engineer",active,2023-04-15,SGD,annual,196171.00,34606.00,0.00,0.00,"Bulk batch generation row 200"
EMP1201,Charlotte,Anderson,charlotte.anderson.201@acmecorp.internal,"Engineering",NL,"Fullstack Engineer",active,2021-08-18,EUR,annual,103345.00,17082.00,0.00,0.00,"Bulk batch generation row 201"
EMP1202,Lisa,Flores,lisa.flores.202@acmecorp.internal,"Engineering",US,"Data Engineer",active,2023-09-17,USD,annual,80364.00,9648.00,0.00,7679.00,"Bulk batch generation row 202"
EMP1203,Edward,Hill,edward.hill.203@acmecorp.internal,"Sales & Marketing",AU,"VP of Global Sales",active,2025-08-05,AUD,annual,157264.00,18274.00,42872.00,14321.00,"Bulk batch generation row 203"
EMP1204,Richard,Robinson,richard.robinson.204@acmecorp.internal,"Sales & Marketing",US,"VP of Global Sales",active,2021-03-08,USD,annual,226182.00,13107.00,39302.00,0.00,"Bulk batch generation row 204"
EMP1205,Charles,Thomas,charles.thomas.205@acmecorp.internal,"Engineering",FR,"Principal Engineer",active,2023-04-26,EUR,annual,199050.00,10710.00,0.00,0.00,"Bulk batch generation row 205"
EMP1206,Emma,Rivera,emma.rivera.206@acmecorp.internal,"Sales & Marketing",GB,"Account Executive",on_leave,2024-11-20,GBP,annual,149800.00,17886.00,43495.00,0.00,"Bulk batch generation row 206"
EMP1207,Jennifer,Rodriguez,jennifer.rodriguez.207@acmecorp.internal,"Engineering",SG,"Cloud Architect",active,2024-10-12,SGD,annual,101215.00,18502.00,0.00,12012.00,"Bulk batch generation row 207"
EMP1208,Robert,Thompson,robert.thompson.208@acmecorp.internal,"Engineering",DE,"Engineering Manager",active,2022-10-11,EUR,annual,131188.00,23595.00,0.00,12065.00,"Bulk batch generation row 208"
EMP1209,Matthew,Hernandez,matthew.hernandez.209@acmecorp.internal,"Engineering",AU,"Engineering Manager",active,2025-09-08,AUD,annual,146374.00,23880.00,0.00,0.00,"Bulk batch generation row 209"
EMP1210,Jennifer,Flores,jennifer.flores.210@acmecorp.internal,"Engineering",FR,"Fullstack Engineer",active,2022-01-18,EUR,annual,91041.00,14283.00,0.00,0.00,"Bulk batch generation row 210"
EMP1211,Liam,Campbell,liam.campbell.211@acmecorp.internal,"Engineering",FR,"Cloud Architect",on_leave,2022-10-01,EUR,annual,156381.00,27263.00,0.00,0.00,"Bulk batch generation row 211"
EMP1212,John,Thompson,john.thompson.212@acmecorp.internal,"Sales & Marketing",DE,"Enterprise Account Exec",active,2024-06-04,EUR,annual,155392.00,10900.00,40316.00,8700.00,"Bulk batch generation row 212"
EMP1213,Jessica,Scott,jessica.scott.213@acmecorp.internal,"Engineering",AU,"Security Engineer",active,2022-06-10,AUD,annual,100012.00,7966.00,0.00,11173.00,"Bulk batch generation row 213"
EMP1214,Jack,Allen,jack.allen.214@acmecorp.internal,"Engineering",NL,"Staff Engineer",active,2023-07-10,EUR,annual,186960.00,29036.00,0.00,0.00,"Bulk batch generation row 214"
EMP1215,Jessica,Garcia,jessica.garcia.215@acmecorp.internal,"Sales & Marketing",NL,"Customer Success Manager",active,2023-03-16,EUR,annual,96264.00,10353.00,11298.00,10201.00,"Bulk batch generation row 215"
EMP1216,Barbara,Walker,barbara.walker.216@acmecorp.internal,"Engineering",CA,"Senior Software Engineer",active,2025-10-19,CAD,annual,120091.00,9631.00,0.00,9099.00,"Bulk batch generation row 216"
EMP1217,Harper,Mitchell,harper.mitchell.217@acmecorp.internal,"Engineering",IE,"Security Engineer",active,2025-03-02,EUR,annual,102514.00,6772.00,0.00,9765.00,"Bulk batch generation row 217"
EMP1218,Brian,Mitchell,brian.mitchell.218@acmecorp.internal,"Engineering",AU,"Cloud Architect",active,2025-01-08,AUD,annual,83446.00,13403.00,0.00,0.00,"Bulk batch generation row 218"
EMP1219,Abigail,Moore,abigail.moore.219@acmecorp.internal,"Engineering",IE,"Data Engineer",active,2025-02-03,EUR,annual,96505.00,4988.00,0.00,0.00,"Bulk batch generation row 219"
EMP1220,Nancy,Green,nancy.green.220@acmecorp.internal,"Sales & Marketing",US,"Enterprise Account Exec",active,2023-08-18,USD,annual,109105.00,11340.00,16494.00,6525.00,"Bulk batch generation row 220"
EMP1221,Barbara,Gonzalez,barbara.gonzalez.221@acmecorp.internal,"Sales & Marketing",GB,"VP of Global Sales",active,2021-01-03,GBP,annual,187889.00,33736.00,19802.00,0.00,"Bulk batch generation row 221"
EMP1222,Karen,Anderson,karen.anderson.222@acmecorp.internal,"Engineering",GB,"Fullstack Engineer",active,2022-06-16,GBP,annual,109178.00,14247.00,0.00,0.00,"Bulk batch generation row 222"
EMP1223,Susan,Lee,susan.lee.223@acmecorp.internal,"Engineering",SG,"Principal Engineer",active,2022-12-19,SGD,annual,229947.00,15731.00,0.00,9201.00,"Bulk batch generation row 223"
EMP1224,Elizabeth,Walker,elizabeth.walker.224@acmecorp.internal,"Sales & Marketing",SG,"Enterprise Account Exec",active,2021-11-17,SGD,annual,143384.00,23063.00,35858.00,11069.00,"Bulk batch generation row 224"
EMP1225,Evelyn,Hill,evelyn.hill.225@acmecorp.internal,"Engineering",SG,"Fullstack Engineer",active,2021-01-12,SGD,annual,76718.00,11277.00,0.00,0.00,"Bulk batch generation row 225"
EMP1226,Melissa,Gonzalez,melissa.gonzalez.226@acmecorp.internal,"Engineering",AU,"Site Reliability Engineer",active,2022-10-12,AUD,annual,101846.00,8125.00,0.00,0.00,"Bulk batch generation row 226"
EMP1227,William,Harris,william.harris.227@acmecorp.internal,"Sales & Marketing",US,"VP of Global Sales",active,2024-01-28,USD,annual,206457.00,17131.00,41258.00,0.00,"Bulk batch generation row 227"
EMP1228,Amelia,Martin,amelia.martin.228@acmecorp.internal,"Engineering",FR,"Site Reliability Engineer",active,2024-08-08,EUR,annual,119001.00,14335.00,0.00,12438.00,"Bulk batch generation row 228"
EMP1229,Thomas,White,thomas.white.229@acmecorp.internal,"Engineering",SG,"Software Engineer",active,2025-05-20,SGD,annual,158412.00,14580.00,0.00,14848.00,"Bulk batch generation row 229"
EMP1230,Olivia,Thompson,olivia.thompson.230@acmecorp.internal,"Sales & Marketing",AU,"Director of Sales",active,2023-11-17,AUD,annual,222295.00,16475.00,45927.00,11968.00,"Bulk batch generation row 230"
EMP1231,Elizabeth,Johnson,elizabeth.johnson.231@acmecorp.internal,"Engineering",FR,"Engineering Manager",active,2024-03-18,EUR,annual,135988.00,24760.00,0.00,0.00,"Bulk batch generation row 231"
EMP1232,Mary,Taylor,mary.taylor.232@acmecorp.internal,"Engineering",IE,"Backend Developer",active,2025-09-23,EUR,annual,131055.00,25090.00,0.00,0.00,"Bulk batch generation row 232"
EMP1233,Margaret,Robinson,margaret.robinson.233@acmecorp.internal,"Sales & Marketing",DE,"Customer Success Manager",active,2024-08-13,EUR,annual,110548.00,14325.00,15279.00,9636.00,"Bulk batch generation row 233"
EMP1234,Susan,Martin,susan.martin.234@acmecorp.internal,"Sales & Marketing",US,"Director of Sales",active,2021-03-16,USD,annual,197789.00,36293.00,54124.00,12025.00,"Bulk batch generation row 234"
EMP1235,Joseph,Lee,joseph.lee.235@acmecorp.internal,"Sales & Marketing",AU,"Product Marketing Manager",active,2025-03-12,AUD,annual,87950.00,5049.00,20569.00,12349.00,"Bulk batch generation row 235"
EMP1236,William,Brown,william.brown.236@acmecorp.internal,"Engineering",CA,"Senior Software Engineer",active,2021-12-03,CAD,annual,140547.00,7402.00,0.00,0.00,"Bulk batch generation row 236"
EMP1237,Elijah,Martinez,elijah.martinez.237@acmecorp.internal,"Engineering",IE,"Engineering Manager",active,2023-02-13,EUR,annual,150892.00,15171.00,0.00,10594.00,"Bulk batch generation row 237"
EMP1238,Evelyn,Hill,evelyn.hill.238@acmecorp.internal,"Engineering",CA,"Staff Engineer",active,2023-02-12,CAD,annual,166415.00,24876.00,0.00,11466.00,"Bulk batch generation row 238"
EMP1239,Henry,Miller,henry.miller.239@acmecorp.internal,"Sales & Marketing",US,"Inbound Sales Specialist",active,2024-09-14,USD,annual,103672.00,13867.00,26878.00,0.00,"Bulk batch generation row 239"
EMP1240,Elizabeth,White,elizabeth.white.240@acmecorp.internal,"Engineering",NL,"Data Engineer",active,2023-11-23,EUR,annual,111943.00,14449.00,0.00,0.00,"Bulk batch generation row 240"
EMP1241,Stephanie,Torres,stephanie.torres.241@acmecorp.internal,"Engineering",FR,"Site Reliability Engineer",active,2023-09-17,EUR,annual,119485.00,12193.00,0.00,14260.00,"Bulk batch generation row 241"
EMP1242,Benjamin,Campbell,benjamin.campbell.242@acmecorp.internal,"Sales & Marketing",DE,"Sales Development Rep",active,2023-06-04,EUR,annual,109995.00,5724.00,28303.00,10273.00,"Bulk batch generation row 242"
EMP1243,Camila,Clark,camila.clark.243@acmecorp.internal,"Engineering",NL,"Security Engineer",active,2022-07-04,EUR,annual,92751.00,8824.00,0.00,0.00,"Bulk batch generation row 243"
EMP1244,Emily,Scott,emily.scott.244@acmecorp.internal,"Engineering",CA,"Engineering Manager",active,2021-07-12,CAD,annual,100738.00,16767.00,0.00,0.00,"Bulk batch generation row 244"
EMP1245,Ava,Martinez,ava.martinez.245@acmecorp.internal,"Sales & Marketing",US,"Senior Account Executive",active,2023-06-11,USD,annual,121170.00,18456.00,26486.00,7999.00,"Bulk batch generation row 245"
EMP1246,Melissa,Martin,melissa.martin.246@acmecorp.internal,"Engineering",GB,"Fullstack Engineer",active,2024-11-28,GBP,annual,88730.00,9382.00,0.00,0.00,"Bulk batch generation row 246"
EMP1247,Steven,Johnson,steven.johnson.247@acmecorp.internal,"Engineering",GB,"DevOps Engineer",active,2023-06-10,GBP,annual,153461.00,12679.00,0.00,0.00,"Bulk batch generation row 247"
EMP1248,Barbara,Anderson,barbara.anderson.248@acmecorp.internal,"Engineering",GB,"Senior Software Engineer",active,2022-10-27,GBP,annual,175799.00,9126.00,0.00,10850.00,"Bulk batch generation row 248"
EMP1249,Emma,Walker,emma.walker.249@acmecorp.internal,"Engineering",GB,"Backend Developer",active,2022-02-22,GBP,annual,146796.00,15780.00,0.00,0.00,"Bulk batch generation row 249"
EMP1250,Luna,Allen,luna.allen.250@acmecorp.internal,"Engineering",CA,"Principal Engineer",active,2025-11-15,CAD,annual,148363.00,24834.00,0.00,10458.00,"Bulk batch generation row 250"
EMP1251,Michael,Torres,michael.torres.251@acmecorp.internal,"Sales & Marketing",GB,"Head of Partnerships",active,2024-02-16,GBP,annual,140681.00,13276.00,37725.00,13162.00,"Bulk batch generation row 251"
EMP1252,Emma,Lewis,emma.lewis.252@acmecorp.internal,"Sales & Marketing",GB,"Account Executive",active,2025-02-18,GBP,annual,125979.00,22162.00,13370.00,0.00,"Bulk batch generation row 252"
EMP1253,Linda,Jones,linda.jones.253@acmecorp.internal,"Sales & Marketing",CA,"Growth Marketing Specialist",active,2022-10-06,CAD,annual,120210.00,12972.00,21665.00,13142.00,"Bulk batch generation row 253"
EMP1254,Matthew,Taylor,matthew.taylor.254@acmecorp.internal,"Sales & Marketing",SG,"Marketing Operations Lead",active,2022-02-14,SGD,annual,116345.00,13818.00,20419.00,0.00,"Bulk batch generation row 254"
EMP1255,Abigail,Brown,abigail.brown.255@acmecorp.internal,"Sales & Marketing",SG,"Head of Partnerships",active,2025-09-24,SGD,annual,142691.00,14252.00,25265.00,0.00,"Bulk batch generation row 255"
EMP1256,John,Jones,john.jones.256@acmecorp.internal,"Sales & Marketing",SG,"Director of Sales",active,2022-01-23,SGD,annual,170517.00,23005.00,40635.00,0.00,"Bulk batch generation row 256"
EMP1257,Jackson,Harris,jackson.harris.257@acmecorp.internal,"Engineering",NL,"Junior Software Engineer",active,2024-05-10,EUR,annual,147247.00,11399.00,0.00,0.00,"Bulk batch generation row 257"
EMP1258,Camila,Walker,camila.walker.258@acmecorp.internal,"Engineering",IE,"Fullstack Engineer",active,2021-12-03,EUR,annual,130049.00,15149.00,0.00,0.00,"Bulk batch generation row 258"
EMP1259,John,Rodriguez,john.rodriguez.259@acmecorp.internal,"Sales & Marketing",IE,"Head of Partnerships",active,2025-10-15,EUR,annual,88664.00,13095.00,19628.00,0.00,"Bulk batch generation row 259"
EMP1260,Camila,White,camila.white.260@acmecorp.internal,"Engineering",NL,"Security Engineer",active,2022-06-04,EUR,annual,77956.00,12454.00,0.00,0.00,"Bulk batch generation row 260"
EMP1261,Carol,Rodriguez,carol.rodriguez.261@acmecorp.internal,"Engineering",IE,"DevOps Engineer",active,2021-09-22,EUR,annual,78942.00,15211.00,0.00,7979.00,"Bulk batch generation row 261"
EMP1262,George,Green,george.green.262@acmecorp.internal,"Engineering",GB,"DevOps Engineer",active,2025-07-01,GBP,annual,100491.00,18491.00,0.00,0.00,"Bulk batch generation row 262"
EMP1263,Lisa,Allen,lisa.allen.263@acmecorp.internal,"Sales & Marketing",NL,"Product Marketing Manager",active,2023-12-06,EUR,annual,98366.00,6891.00,26014.00,10686.00,"Bulk batch generation row 263"
EMP1264,Betty,White,betty.white.264@acmecorp.internal,"Engineering",US,"Principal Engineer",active,2022-07-11,USD,annual,158228.00,8962.00,0.00,0.00,"Bulk batch generation row 264"
EMP1265,Emma,Allen,emma.allen.265@acmecorp.internal,"Sales & Marketing",SG,"Sales Development Rep",active,2025-05-27,SGD,annual,131084.00,25642.00,38523.00,0.00,"Bulk batch generation row 265"
EMP1266,Deborah,Mitchell,deborah.mitchell.266@acmecorp.internal,"Engineering",GB,"Data Engineer",active,2023-11-05,GBP,annual,76729.00,8812.00,0.00,14729.00,"Bulk batch generation row 266"
EMP1267,Michelle,Young,michelle.young.267@acmecorp.internal,"Engineering",DE,"Data Engineer",active,2022-01-28,EUR,annual,99027.00,5589.00,0.00,10105.00,"Bulk batch generation row 267"
EMP1268,Mia,Hall,mia.hall.268@acmecorp.internal,"Engineering",CA,"Data Engineer",active,2021-05-13,CAD,annual,151720.00,9036.00,0.00,10011.00,"Bulk batch generation row 268"
EMP1269,Levi,Nelson,levi.nelson.269@acmecorp.internal,"Sales & Marketing",DE,"Senior Account Executive",active,2021-08-23,EUR,annual,128451.00,25648.00,35720.00,0.00,"Bulk batch generation row 269"
EMP1270,Gianna,Harris,gianna.harris.270@acmecorp.internal,"Engineering",US,"Staff Engineer",terminated,2023-02-18,USD,annual,228428.00,33889.00,0.00,0.00,"Bulk batch generation row 270"
EMP1271,George,Williams,george.williams.271@acmecorp.internal,"Engineering",SG,"QA Automation Engineer",active,2024-03-06,SGD,annual,81194.00,13639.00,0.00,5616.00,"Bulk batch generation row 271"
EMP1272,Karen,Perez,karen.perez.272@acmecorp.internal,"Engineering",AU,"Cloud Architect",on_leave,2021-04-25,AUD,annual,106488.00,12393.00,0.00,0.00,"Bulk batch generation row 272"
EMP1273,Evelyn,Williams,evelyn.williams.273@acmecorp.internal,"Engineering",US,"Frontend Developer",active,2021-04-15,USD,annual,101346.00,14895.00,0.00,13186.00,"Bulk batch generation row 273"
EMP1274,Charles,Perez,charles.perez.274@acmecorp.internal,"Sales & Marketing",IE,"Enterprise Account Exec",active,2023-12-12,EUR,annual,143705.00,25751.00,30978.00,0.00,"Bulk batch generation row 274"
EMP1275,Joshua,Flores,joshua.flores.275@acmecorp.internal,"Engineering",FR,"QA Automation Engineer",active,2025-09-09,EUR,annual,115503.00,20966.00,0.00,0.00,"Bulk batch generation row 275"
EMP1276,Kimberly,Hill,kimberly.hill.276@acmecorp.internal,"Engineering",IE,"Frontend Developer",active,2024-05-01,EUR,annual,100122.00,8585.00,0.00,9011.00,"Bulk batch generation row 276"
EMP1277,Andrew,Baker,andrew.baker.277@acmecorp.internal,"Sales & Marketing",CA,"Marketing Operations Lead",active,2025-01-21,CAD,annual,174787.00,30232.00,21914.00,0.00,"Bulk batch generation row 277"
EMP1278,Elijah,Hernandez,elijah.hernandez.278@acmecorp.internal,"Sales & Marketing",AU,"Inbound Sales Specialist",on_leave,2025-12-10,AUD,annual,78002.00,6852.00,22465.00,0.00,"Bulk batch generation row 278"
EMP1279,Camila,Perez,camila.perez.279@acmecorp.internal,"Engineering",US,"Engineering Manager",active,2022-09-06,USD,annual,123766.00,24114.00,0.00,5187.00,"Bulk batch generation row 279"
EMP1280,Melissa,Perez,melissa.perez.280@acmecorp.internal,"Engineering",SG,"Data Engineer",active,2023-05-25,SGD,annual,95599.00,9561.00,0.00,0.00,"Bulk batch generation row 280"
EMP1281,Patricia,Carter,patricia.carter.281@acmecorp.internal,"Engineering",NL,"Engineering Manager",active,2022-03-04,EUR,annual,97800.00,5028.00,0.00,12850.00,"Bulk batch generation row 281"
EMP1282,Patricia,Walker,patricia.walker.282@acmecorp.internal,"Sales & Marketing",SG,"Inbound Sales Specialist",active,2021-10-14,SGD,annual,87492.00,5846.00,9902.00,10932.00,"Bulk batch generation row 282"
EMP1283,Joshua,Jones,joshua.jones.283@acmecorp.internal,"Sales & Marketing",NL,"Marketing Operations Lead",active,2021-07-22,EUR,annual,111069.00,20112.00,24572.00,13915.00,"Bulk batch generation row 283"
EMP1284,Gianna,Thomas,gianna.thomas.284@acmecorp.internal,"Sales & Marketing",DE,"Director of Sales",active,2022-02-22,EUR,annual,201433.00,38305.00,56358.00,0.00,"Bulk batch generation row 284"
EMP1285,Mary,King,mary.king.285@acmecorp.internal,"Engineering",CA,"Senior Software Engineer",active,2021-01-05,CAD,annual,157945.00,23456.00,0.00,0.00,"Bulk batch generation row 285"
EMP1286,Deborah,Garcia,deborah.garcia.286@acmecorp.internal,"Engineering",US,"Principal Engineer",active,2021-10-08,USD,annual,186146.00,15755.00,0.00,0.00,"Bulk batch generation row 286"
EMP1287,Mary,Davis,mary.davis.287@acmecorp.internal,"Sales & Marketing",SG,"Inbound Sales Specialist",active,2025-02-16,SGD,annual,120804.00,10228.00,27119.00,0.00,"Bulk batch generation row 287"
EMP1288,Karen,White,karen.white.288@acmecorp.internal,"Engineering",DE,"Staff Engineer",active,2024-07-13,EUR,annual,185048.00,9451.00,0.00,0.00,"Bulk batch generation row 288"
EMP1289,Donna,Harris,donna.harris.289@acmecorp.internal,"Engineering",SG,"Site Reliability Engineer",active,2022-06-03,SGD,annual,148797.00,21247.00,0.00,0.00,"Bulk batch generation row 289"
EMP1290,Melissa,Hill,melissa.hill.290@acmecorp.internal,"Sales & Marketing",GB,"Sales Development Rep",active,2024-11-25,GBP,annual,98537.00,11060.00,16899.00,11317.00,"Bulk batch generation row 290"
EMP1291,Sarah,Mitchell,sarah.mitchell.291@acmecorp.internal,"Engineering",FR,"QA Automation Engineer",active,2025-04-12,EUR,annual,136388.00,20665.00,0.00,9954.00,"Bulk batch generation row 291"
EMP1292,Robert,Davis,robert.davis.292@acmecorp.internal,"Sales & Marketing",IE,"Inbound Sales Specialist",active,2021-12-04,EUR,annual,102265.00,5891.00,22028.00,0.00,"Bulk batch generation row 292"
EMP1293,Andrew,Nelson,andrew.nelson.293@acmecorp.internal,"Engineering",US,"Site Reliability Engineer",active,2024-09-03,USD,annual,94287.00,14589.00,0.00,0.00,"Bulk batch generation row 293"
EMP1294,Carol,Garcia,carol.garcia.294@acmecorp.internal,"Sales & Marketing",CA,"Account Executive",active,2022-11-16,CAD,annual,121113.00,17599.00,26962.00,0.00,"Bulk batch generation row 294"
EMP1295,David,Allen,david.allen.295@acmecorp.internal,"Engineering",AU,"Junior Software Engineer",active,2022-12-26,AUD,annual,94383.00,12381.00,0.00,0.00,"Bulk batch generation row 295"
EMP1296,Oliver,Williams,oliver.williams.296@acmecorp.internal,"Engineering",IE,"Senior Software Engineer",active,2023-02-10,EUR,annual,190955.00,24994.00,0.00,0.00,"Bulk batch generation row 296"
EMP1297,Thomas,Jones,thomas.jones.297@acmecorp.internal,"Engineering",NL,"Backend Developer",active,2021-04-08,EUR,annual,117511.00,6253.00,0.00,10116.00,"Bulk batch generation row 297"
EMP1298,Thomas,Clark,thomas.clark.298@acmecorp.internal,"Sales & Marketing",DE,"VP of Global Sales",active,2022-09-07,EUR,annual,196417.00,23795.00,46854.00,10052.00,"Bulk batch generation row 298"
EMP1299,Susan,Jackson,susan.jackson.299@acmecorp.internal,"Sales & Marketing",AU,"Customer Success Manager",active,2021-10-09,AUD,annual,123609.00,19520.00,14373.00,14124.00,"Bulk batch generation row 299"
EMP1300,Isabella,Wright,isabella.wright.300@acmecorp.internal,"Engineering",SG,"Software Engineer",active,2022-03-03,SGD,annual,156448.00,22149.00,0.00,13053.00,"Bulk batch generation row 300"
EMP1301,Joshua,White,joshua.white.301@acmecorp.internal,"Engineering",SG,"Junior Software Engineer",active,2021-10-12,SGD,annual,78993.00,7733.00,0.00,8478.00,"Bulk batch generation row 301"
EMP1302,Sandra,Hall,sandra.hall.302@acmecorp.internal,"Engineering",US,"Cloud Architect",active,2023-08-15,USD,annual,82921.00,4332.00,0.00,14578.00,"Bulk batch generation row 302"
EMP1303,Daniel,Carter,daniel.carter.303@acmecorp.internal,"Engineering",NL,"DevOps Engineer",active,2021-06-19,EUR,annual,86745.00,13537.00,0.00,12274.00,"Bulk batch generation row 303"
EMP1304,Abigail,Martin,abigail.martin.304@acmecorp.internal,"Engineering",FR,"DevOps Engineer",active,2023-01-21,EUR,annual,137884.00,16191.00,0.00,7988.00,"Bulk batch generation row 304"
EMP1305,Donald,Torres,donald.torres.305@acmecorp.internal,"Engineering",FR,"Engineering Manager",active,2021-01-21,EUR,annual,103533.00,14305.00,0.00,8526.00,"Bulk batch generation row 305"
EMP1306,Anthony,Brown,anthony.brown.306@acmecorp.internal,"Engineering",NL,"Fullstack Engineer",on_leave,2022-02-04,EUR,annual,115283.00,6010.00,0.00,14587.00,"Bulk batch generation row 306"
EMP1307,Matthew,Flores,matthew.flores.307@acmecorp.internal,"Sales & Marketing",GB,"Inbound Sales Specialist",active,2025-08-26,GBP,annual,96828.00,18555.00,14533.00,0.00,"Bulk batch generation row 307"
EMP1308,Patricia,Baker,patricia.baker.308@acmecorp.internal,"Sales & Marketing",GB,"Sales Development Rep",active,2024-12-15,GBP,annual,115682.00,8084.00,11632.00,0.00,"Bulk batch generation row 308"
EMP1309,Michelle,King,michelle.king.309@acmecorp.internal,"Engineering",US,"Senior Software Engineer",active,2023-06-01,USD,annual,160819.00,31874.00,0.00,10492.00,"Bulk batch generation row 309"
EMP1310,Mateo,Lopez,mateo.lopez.310@acmecorp.internal,"Sales & Marketing",CA,"VP of Global Sales",terminated,2022-06-22,CAD,annual,189388.00,26878.00,56222.00,0.00,"Bulk batch generation row 310"
EMP1311,Karen,Lewis,karen.lewis.311@acmecorp.internal,"Sales & Marketing",DE,"Inbound Sales Specialist",active,2024-07-25,EUR,annual,100071.00,6854.00,27392.00,10989.00,"Bulk batch generation row 311"
EMP1312,Liam,Johnson,liam.johnson.312@acmecorp.internal,"Sales & Marketing",IE,"Inbound Sales Specialist",active,2025-04-21,EUR,annual,93902.00,5351.00,23691.00,0.00,"Bulk batch generation row 312"
EMP1313,Jackson,Miller,jackson.miller.313@acmecorp.internal,"Sales & Marketing",CA,"Marketing Operations Lead",active,2024-03-14,CAD,annual,175071.00,22721.00,27784.00,11060.00,"Bulk batch generation row 313"
EMP1314,Emily,Adams,emily.adams.314@acmecorp.internal,"Sales & Marketing",GB,"Marketing Operations Lead",active,2023-01-15,GBP,annual,170016.00,21093.00,30153.00,13050.00,"Bulk batch generation row 314"
EMP1315,Emily,Hall,emily.hall.315@acmecorp.internal,"Engineering",CA,"Principal Engineer",active,2022-01-27,CAD,annual,174924.00,23604.00,0.00,0.00,"Bulk batch generation row 315"
EMP1316,Kevin,Campbell,kevin.campbell.316@acmecorp.internal,"Engineering",AU,"QA Automation Engineer",active,2022-06-02,AUD,annual,91944.00,7638.00,0.00,0.00,"Bulk batch generation row 316"
EMP1317,Brian,Lewis,brian.lewis.317@acmecorp.internal,"Sales & Marketing",DE,"Sales Development Rep",active,2021-09-15,EUR,annual,99544.00,18625.00,15865.00,10369.00,"Bulk batch generation row 317"
EMP1318,Theodore,Torres,theodore.torres.318@acmecorp.internal,"Engineering",FR,"Senior Software Engineer",active,2022-04-07,EUR,annual,118925.00,23621.00,0.00,0.00,"Bulk batch generation row 318"
EMP1319,Daniel,Lewis,daniel.lewis.319@acmecorp.internal,"Engineering",US,"Software Engineer",active,2022-10-17,USD,annual,139265.00,9475.00,0.00,12238.00,"Bulk batch generation row 319"
EMP1320,Mary,Martin,mary.martin.320@acmecorp.internal,"Sales & Marketing",IE,"VP of Global Sales",active,2023-12-02,EUR,annual,219212.00,43205.00,43320.00,10169.00,"Bulk batch generation row 320"
EMP1321,Camila,Hill,camila.hill.321@acmecorp.internal,"Engineering",AU,"Software Engineer",active,2025-08-18,AUD,annual,84903.00,5071.00,0.00,10607.00,"Bulk batch generation row 321"
EMP1322,Michael,Smith,michael.smith.322@acmecorp.internal,"Sales & Marketing",US,"Marketing Operations Lead",active,2021-06-14,USD,annual,191856.00,37454.00,25178.00,9146.00,"Bulk batch generation row 322"
EMP1323,Jackson,Torres,jackson.torres.323@acmecorp.internal,"Sales & Marketing",DE,"VP of Global Sales",active,2025-09-24,EUR,annual,215347.00,25024.00,52769.00,13378.00,"Bulk batch generation row 323"
EMP1324,Elizabeth,Allen,elizabeth.allen.324@acmecorp.internal,"Sales & Marketing",SG,"Sales Development Rep",active,2022-02-18,SGD,annual,130537.00,23401.00,24862.00,6411.00,"Bulk batch generation row 324"
EMP1325,Sandra,Gonzalez,sandra.gonzalez.325@acmecorp.internal,"Sales & Marketing",SG,"Director of Sales",active,2021-02-17,SGD,annual,185260.00,33286.00,32806.00,7809.00,"Bulk batch generation row 325"
EMP1326,William,Green,william.green.326@acmecorp.internal,"Engineering",NL,"Fullstack Engineer",active,2025-05-28,EUR,annual,95745.00,5997.00,0.00,6424.00,"Bulk batch generation row 326"
EMP1327,Carol,Nguyen,carol.nguyen.327@acmecorp.internal,"Sales & Marketing",FR,"Director of Sales",active,2023-05-17,EUR,annual,201252.00,13336.00,26944.00,0.00,"Bulk batch generation row 327"
EMP1328,Deborah,Rivera,deborah.rivera.328@acmecorp.internal,"Sales & Marketing",GB,"Inbound Sales Specialist",active,2024-02-14,GBP,annual,95245.00,6022.00,22005.00,14991.00,"Bulk batch generation row 328"
EMP1329,Jack,Smith,jack.smith.329@acmecorp.internal,"Engineering",DE,"Junior Software Engineer",active,2021-03-01,EUR,annual,138375.00,15410.00,0.00,0.00,"Bulk batch generation row 329"
EMP1330,Levi,Perez,levi.perez.330@acmecorp.internal,"Engineering",CA,"Senior Software Engineer",on_leave,2023-02-16,CAD,annual,187811.00,12509.00,0.00,0.00,"Bulk batch generation row 330"
EMP1331,Mia,Wilson,mia.wilson.331@acmecorp.internal,"Engineering",CA,"Cloud Architect",active,2024-11-04,CAD,annual,105827.00,16691.00,0.00,0.00,"Bulk batch generation row 331"
EMP1332,Elijah,Hernandez,elijah.hernandez.332@acmecorp.internal,"Sales & Marketing",GB,"Inbound Sales Specialist",active,2023-10-24,GBP,annual,83683.00,11465.00,22555.00,13910.00,"Bulk batch generation row 332"
EMP1333,Sarah,Sanchez,sarah.sanchez.333@acmecorp.internal,"Sales & Marketing",CA,"Head of Partnerships",active,2021-07-10,CAD,annual,80994.00,14482.00,11477.00,0.00,"Bulk batch generation row 333"
EMP1334,James,Nguyen,james.nguyen.334@acmecorp.internal,"Engineering",US,"Principal Engineer",active,2021-04-27,USD,annual,193399.00,31926.00,0.00,0.00,"Bulk batch generation row 334"
EMP1335,Anthony,Nelson,anthony.nelson.335@acmecorp.internal,"Engineering",DE,"Security Engineer",active,2024-07-02,EUR,annual,157887.00,8237.00,0.00,0.00,"Bulk batch generation row 335"
EMP1336,Daniel,Scott,daniel.scott.336@acmecorp.internal,"Engineering",GB,"Frontend Developer",active,2022-06-07,GBP,annual,107399.00,5859.00,0.00,11397.00,"Bulk batch generation row 336"
EMP1337,Charlotte,Jones,charlotte.jones.337@acmecorp.internal,"Engineering",FR,"Site Reliability Engineer",active,2024-06-28,EUR,annual,148389.00,11845.00,0.00,14409.00,"Bulk batch generation row 337"
EMP1338,Gianna,Harris,gianna.harris.338@acmecorp.internal,"Engineering",GB,"Site Reliability Engineer",active,2022-01-15,GBP,annual,137914.00,9082.00,0.00,0.00,"Bulk batch generation row 338"
EMP1339,Kenneth,Lopez,kenneth.lopez.339@acmecorp.internal,"Engineering",CA,"Data Engineer",active,2021-07-19,CAD,annual,147657.00,8284.00,0.00,14518.00,"Bulk batch generation row 339"
EMP1340,Barbara,Martin,barbara.martin.340@acmecorp.internal,"Engineering",NL,"Fullstack Engineer",active,2022-09-12,EUR,annual,77236.00,4117.00,0.00,10836.00,"Bulk batch generation row 340"
EMP1341,Amelia,Martinez,amelia.martinez.341@acmecorp.internal,"Sales & Marketing",GB,"VP of Global Sales",active,2023-02-26,GBP,annual,171997.00,23000.00,27400.00,12649.00,"Bulk batch generation row 341"
EMP1342,Abigail,Lewis,abigail.lewis.342@acmecorp.internal,"Sales & Marketing",IE,"Marketing Operations Lead",active,2025-01-09,EUR,annual,145018.00,10883.00,15133.00,0.00,"Bulk batch generation row 342"
EMP1343,Emily,Smith,emily.smith.343@acmecorp.internal,"Sales & Marketing",IE,"Product Marketing Manager",active,2023-11-12,EUR,annual,114754.00,22579.00,15336.00,0.00,"Bulk batch generation row 343"
EMP1344,Liam,Roberts,liam.roberts.344@acmecorp.internal,"Engineering",CA,"QA Automation Engineer",active,2024-10-11,CAD,annual,154177.00,29715.00,0.00,10329.00,"Bulk batch generation row 344"
EMP1345,Carol,Davis,carol.davis.345@acmecorp.internal,"Engineering",AU,"QA Automation Engineer",active,2024-06-07,AUD,annual,77848.00,11209.00,0.00,0.00,"Bulk batch generation row 345"
EMP1346,Carol,Scott,carol.scott.346@acmecorp.internal,"Engineering",FR,"DevOps Engineer",active,2022-04-08,EUR,annual,90464.00,15695.00,0.00,0.00,"Bulk batch generation row 346"
EMP1347,Donna,Torres,donna.torres.347@acmecorp.internal,"Engineering",SG,"Backend Developer",active,2021-05-21,SGD,annual,130112.00,22500.00,0.00,13533.00,"Bulk batch generation row 347"
EMP1348,Robert,Jones,robert.jones.348@acmecorp.internal,"Engineering",NL,"Backend Developer",active,2021-10-07,EUR,annual,104708.00,10189.00,0.00,0.00,"Bulk batch generation row 348"
EMP1349,Robert,Jones,robert.jones.349@acmecorp.internal,"Engineering",GB,"Junior Software Engineer",active,2021-01-24,GBP,annual,119078.00,14132.00,0.00,0.00,"Bulk batch generation row 349"
EMP1350,Sarah,Martin,sarah.martin.350@acmecorp.internal,"Engineering",IE,"Staff Engineer",active,2021-02-21,EUR,annual,213683.00,23196.00,0.00,12857.00,"Bulk batch generation row 350"
EMP1351,Margaret,Nelson,margaret.nelson.351@acmecorp.internal,"Sales & Marketing",NL,"Director of Sales",active,2021-01-07,EUR,annual,179005.00,28153.00,52587.00,5289.00,"Bulk batch generation row 351"
EMP1352,Amanda,Lee,amanda.lee.352@acmecorp.internal,"Engineering",GB,"Security Engineer",active,2025-05-28,GBP,annual,155073.00,10586.00,0.00,0.00,"Bulk batch generation row 352"
EMP1353,Thomas,Scott,thomas.scott.353@acmecorp.internal,"Engineering",DE,"Software Engineer",active,2025-09-06,EUR,annual,101965.00,13643.00,0.00,0.00,"Bulk batch generation row 353"
EMP1354,Thomas,Lee,thomas.lee.354@acmecorp.internal,"Engineering",GB,"Fullstack Engineer",active,2023-11-18,GBP,annual,143360.00,7894.00,0.00,6786.00,"Bulk batch generation row 354"
EMP1355,Liam,Clark,liam.clark.355@acmecorp.internal,"Engineering",GB,"Frontend Developer",active,2025-02-18,GBP,annual,84615.00,5147.00,0.00,13749.00,"Bulk batch generation row 355"
EMP1356,Elizabeth,Roberts,elizabeth.roberts.356@acmecorp.internal,"Engineering",IE,"Junior Software Engineer",active,2025-08-06,EUR,annual,142348.00,17081.00,0.00,9947.00,"Bulk batch generation row 356"
EMP1357,Elijah,Smith,elijah.smith.357@acmecorp.internal,"Engineering",US,"Security Engineer",active,2025-06-25,USD,annual,84573.00,12612.00,0.00,9103.00,"Bulk batch generation row 357"
EMP1358,Joshua,Clark,joshua.clark.358@acmecorp.internal,"Sales & Marketing",AU,"VP of Global Sales",active,2023-11-18,AUD,annual,151095.00,27196.00,25218.00,6840.00,"Bulk batch generation row 358"
EMP1359,Lucas,White,lucas.white.359@acmecorp.internal,"Sales & Marketing",AU,"Head of Partnerships",active,2023-09-21,AUD,annual,84780.00,14320.00,21004.00,0.00,"Bulk batch generation row 359"
EMP1360,Steven,Carter,steven.carter.360@acmecorp.internal,"Sales & Marketing",CA,"Customer Success Manager",active,2024-12-07,CAD,annual,90711.00,6814.00,20878.00,0.00,"Bulk batch generation row 360"
EMP1361,Amanda,Davis,amanda.davis.361@acmecorp.internal,"Engineering",DE,"Engineering Manager",active,2025-02-24,EUR,annual,104592.00,15572.00,0.00,14198.00,"Bulk batch generation row 361"
EMP1362,Liam,Rodriguez,liam.rodriguez.362@acmecorp.internal,"Engineering",GB,"Principal Engineer",active,2023-11-23,GBP,annual,201321.00,22999.00,0.00,0.00,"Bulk batch generation row 362"
EMP1363,Donald,Johnson,donald.johnson.363@acmecorp.internal,"Engineering",GB,"Backend Developer",active,2021-07-05,GBP,annual,78438.00,12854.00,0.00,13828.00,"Bulk batch generation row 363"
EMP1364,Joshua,Lewis,joshua.lewis.364@acmecorp.internal,"Engineering",NL,"Backend Developer",active,2025-05-05,EUR,annual,122571.00,21700.00,0.00,0.00,"Bulk batch generation row 364"
EMP1365,Steven,Davis,steven.davis.365@acmecorp.internal,"Sales & Marketing",IE,"Account Executive",active,2025-08-03,EUR,annual,127974.00,19316.00,16951.00,10629.00,"Bulk batch generation row 365"
EMP1366,Karen,King,karen.king.366@acmecorp.internal,"Sales & Marketing",NL,"Enterprise Account Exec",active,2023-08-09,EUR,annual,95669.00,5499.00,27079.00,0.00,"Bulk batch generation row 366"
EMP1367,Charlotte,Hill,charlotte.hill.367@acmecorp.internal,"Engineering",IE,"Software Engineer",active,2021-07-19,EUR,annual,114366.00,15539.00,0.00,14849.00,"Bulk batch generation row 367"
EMP1368,Robert,King,robert.king.368@acmecorp.internal,"Engineering",DE,"Site Reliability Engineer",active,2024-12-16,EUR,annual,113697.00,6040.00,0.00,11463.00,"Bulk batch generation row 368"
EMP1369,Noah,Campbell,noah.campbell.369@acmecorp.internal,"Sales & Marketing",GB,"Inbound Sales Specialist",terminated,2025-04-01,GBP,annual,117634.00,14907.00,31484.00,0.00,"Bulk batch generation row 369"
EMP1370,Jack,Thomas,jack.thomas.370@acmecorp.internal,"Sales & Marketing",GB,"Enterprise Account Exec",active,2024-05-18,GBP,annual,123114.00,12261.00,22119.00,13001.00,"Bulk batch generation row 370"
EMP1371,Liam,Davis,liam.davis.371@acmecorp.internal,"Sales & Marketing",FR,"Director of Sales",active,2024-10-17,EUR,annual,148091.00,13507.00,17194.00,0.00,"Bulk batch generation row 371"
EMP1372,Karen,Moore,karen.moore.372@acmecorp.internal,"Engineering",NL,"Software Engineer",active,2023-05-12,EUR,annual,138646.00,19511.00,0.00,0.00,"Bulk batch generation row 372"
EMP1373,George,Miller,george.miller.373@acmecorp.internal,"Sales & Marketing",GB,"Senior Account Executive",active,2025-01-21,GBP,annual,175778.00,28594.00,29719.00,13931.00,"Bulk batch generation row 373"
EMP1374,Mateo,Young,mateo.young.374@acmecorp.internal,"Engineering",US,"Security Engineer",active,2023-03-03,USD,annual,136389.00,8632.00,0.00,7003.00,"Bulk batch generation row 374"
EMP1375,Lisa,Hall,lisa.hall.375@acmecorp.internal,"Engineering",NL,"Engineering Manager",active,2024-09-23,EUR,annual,124165.00,15721.00,0.00,14278.00,"Bulk batch generation row 375"
EMP1376,Charlotte,Sanchez,charlotte.sanchez.376@acmecorp.internal,"Engineering",FR,"Engineering Manager",active,2023-09-16,EUR,annual,154008.00,8648.00,0.00,0.00,"Bulk batch generation row 376"
EMP1377,Luna,Campbell,luna.campbell.377@acmecorp.internal,"Sales & Marketing",SG,"Product Marketing Manager",active,2021-06-06,SGD,annual,145703.00,17120.00,17515.00,6334.00,"Bulk batch generation row 377"
EMP1378,Margaret,Torres,margaret.torres.378@acmecorp.internal,"Engineering",SG,"QA Automation Engineer",active,2025-12-22,SGD,annual,103396.00,20271.00,0.00,5287.00,"Bulk batch generation row 378"
EMP1379,Lucas,Ramirez,lucas.ramirez.379@acmecorp.internal,"Engineering",IE,"Fullstack Engineer",active,2023-02-21,EUR,annual,116220.00,5968.00,0.00,13684.00,"Bulk batch generation row 379"
EMP1380,Amanda,Nelson,amanda.nelson.380@acmecorp.internal,"Engineering",IE,"Fullstack Engineer",active,2025-01-25,EUR,annual,148264.00,8347.00,0.00,0.00,"Bulk batch generation row 380"
EMP1381,William,Mitchell,william.mitchell.381@acmecorp.internal,"Sales & Marketing",GB,"Enterprise Account Exec",active,2025-08-02,GBP,annual,97213.00,19049.00,25880.00,14786.00,"Bulk batch generation row 381"
EMP1382,Carol,Ramirez,carol.ramirez.382@acmecorp.internal,"Engineering",DE,"Frontend Developer",active,2024-10-17,EUR,annual,133895.00,15545.00,0.00,0.00,"Bulk batch generation row 382"
EMP1383,Charlotte,Allen,charlotte.allen.383@acmecorp.internal,"Sales & Marketing",NL,"Enterprise Account Exec",active,2025-01-24,EUR,annual,149122.00,11693.00,23040.00,7819.00,"Bulk batch generation row 383"
EMP1384,Robert,Gonzalez,robert.gonzalez.384@acmecorp.internal,"Engineering",GB,"Staff Engineer",active,2024-06-17,GBP,annual,172438.00,30090.00,0.00,11185.00,"Bulk batch generation row 384"
EMP1385,Henry,Rodriguez,henry.rodriguez.385@acmecorp.internal,"Sales & Marketing",FR,"Head of Partnerships",active,2021-06-27,EUR,annual,152154.00,19092.00,32776.00,14847.00,"Bulk batch generation row 385"
EMP1386,Charlotte,Jackson,charlotte.jackson.386@acmecorp.internal,"Engineering",SG,"Junior Software Engineer",active,2023-12-19,SGD,annual,105973.00,15223.00,0.00,7657.00,"Bulk batch generation row 386"
EMP1387,Mark,Walker,mark.walker.387@acmecorp.internal,"Engineering",CA,"Site Reliability Engineer",active,2021-04-19,CAD,annual,127466.00,13024.00,0.00,0.00,"Bulk batch generation row 387"
EMP1388,Sandra,Jones,sandra.jones.388@acmecorp.internal,"Sales & Marketing",GB,"Director of Sales",active,2022-08-20,GBP,annual,150003.00,8012.00,41735.00,0.00,"Bulk batch generation row 388"
EMP1389,Mateo,Nguyen,mateo.nguyen.389@acmecorp.internal,"Engineering",SG,"Software Engineer",active,2021-01-18,SGD,annual,130977.00,8905.00,0.00,12019.00,"Bulk batch generation row 389"
EMP1390,Deborah,Walker,deborah.walker.390@acmecorp.internal,"Engineering",SG,"Engineering Manager",active,2021-12-24,SGD,annual,129515.00,15565.00,0.00,13079.00,"Bulk batch generation row 390"
EMP1391,Donald,Williams,donald.williams.391@acmecorp.internal,"Engineering",CA,"Cloud Architect",terminated,2022-09-20,CAD,annual,90055.00,4579.00,0.00,14979.00,"Bulk batch generation row 391"
EMP1392,George,Hall,george.hall.392@acmecorp.internal,"Engineering",SG,"Security Engineer",on_leave,2025-08-11,SGD,annual,151664.00,29200.00,0.00,0.00,"Bulk batch generation row 392"
EMP1393,Edward,Moore,edward.moore.393@acmecorp.internal,"Engineering",CA,"Backend Developer",active,2025-11-07,CAD,annual,143846.00,17669.00,0.00,0.00,"Bulk batch generation row 393"
EMP1394,William,Thomas,william.thomas.394@acmecorp.internal,"Engineering",AU,"Staff Engineer",active,2024-05-09,AUD,annual,211489.00,27868.00,0.00,11911.00,"Bulk batch generation row 394"
EMP1395,Evelyn,Sanchez,evelyn.sanchez.395@acmecorp.internal,"Engineering",US,"Frontend Developer",active,2021-01-09,USD,annual,90071.00,17187.00,0.00,0.00,"Bulk batch generation row 395"
EMP1396,Jessica,Rivera,jessica.rivera.396@acmecorp.internal,"Sales & Marketing",GB,"Enterprise Account Exec",active,2022-07-27,GBP,annual,133164.00,14062.00,17227.00,0.00,"Bulk batch generation row 396"
EMP1397,Margaret,Davis,margaret.davis.397@acmecorp.internal,"Engineering",US,"Data Engineer",active,2024-02-12,USD,annual,140696.00,13944.00,0.00,0.00,"Bulk batch generation row 397"
EMP1398,Matthew,Davis,matthew.davis.398@acmecorp.internal,"Engineering",NL,"Staff Engineer",active,2021-03-10,EUR,annual,194232.00,37219.00,0.00,7984.00,"Bulk batch generation row 398"
EMP1399,Lucas,King,lucas.king.399@acmecorp.internal,"Sales & Marketing",DE,"Product Marketing Manager",active,2021-08-08,EUR,annual,121765.00,6914.00,36527.00,9685.00,"Bulk batch generation row 399"
EMP1400,Sandra,Nguyen,sandra.nguyen.400@acmecorp.internal,"Sales & Marketing",IE,"Senior Account Executive",active,2025-01-22,EUR,annual,179238.00,20119.00,31851.00,0.00,"Bulk batch generation row 400"
EMP1401,Lisa,Hill,lisa.hill.401@acmecorp.internal,"Engineering",FR,"Security Engineer",active,2025-08-11,EUR,annual,99250.00,13249.00,0.00,11262.00,"Bulk batch generation row 401"
EMP1402,Mia,Thomas,mia.thomas.402@acmecorp.internal,"Engineering",CA,"Staff Engineer",active,2021-12-20,CAD,annual,148172.00,11399.00,0.00,13359.00,"Bulk batch generation row 402"
EMP1403,Melissa,Martin,melissa.martin.403@acmecorp.internal,"Engineering",AU,"Data Engineer",active,2024-01-10,AUD,annual,94702.00,6022.00,0.00,0.00,"Bulk batch generation row 403"
EMP1404,Charles,Williams,charles.williams.404@acmecorp.internal,"Engineering",IE,"Engineering Manager",active,2023-08-23,EUR,annual,93913.00,18170.00,0.00,0.00,"Bulk batch generation row 404"
EMP1405,Harper,Sanchez,harper.sanchez.405@acmecorp.internal,"Engineering",NL,"Software Engineer",active,2022-08-03,EUR,annual,98765.00,11146.00,0.00,6253.00,"Bulk batch generation row 405"
EMP1406,Charlotte,Mitchell,charlotte.mitchell.406@acmecorp.internal,"Engineering",SG,"Data Engineer",active,2023-03-04,SGD,annual,149690.00,21698.00,0.00,0.00,"Bulk batch generation row 406"
EMP1407,Charlotte,Hernandez,charlotte.hernandez.407@acmecorp.internal,"Sales & Marketing",SG,"Director of Sales",active,2024-10-17,SGD,annual,169746.00,16328.00,35653.00,0.00,"Bulk batch generation row 407"
EMP1408,Mia,Allen,mia.allen.408@acmecorp.internal,"Engineering",AU,"Senior Software Engineer",active,2025-03-11,AUD,annual,186375.00,27096.00,0.00,0.00,"Bulk batch generation row 408"
EMP1409,Amelia,Scott,amelia.scott.409@acmecorp.internal,"Engineering",AU,"Backend Developer",active,2024-06-21,AUD,annual,130082.00,24650.00,0.00,0.00,"Bulk batch generation row 409"
EMP1410,Mateo,Young,mateo.young.410@acmecorp.internal,"Sales & Marketing",IE,"VP of Global Sales",active,2025-09-14,EUR,annual,180894.00,16771.00,35118.00,9233.00,"Bulk batch generation row 410"
EMP1411,Benjamin,Walker,benjamin.walker.411@acmecorp.internal,"Engineering",NL,"Cloud Architect",active,2025-08-28,EUR,annual,126279.00,13033.00,0.00,5659.00,"Bulk batch generation row 411"
EMP1412,Theodore,Hall,theodore.hall.412@acmecorp.internal,"Engineering",AU,"Staff Engineer",active,2021-06-20,AUD,annual,145546.00,16552.00,0.00,12453.00,"Bulk batch generation row 412"
EMP1413,Isabella,Clark,isabella.clark.413@acmecorp.internal,"Sales & Marketing",IE,"Inbound Sales Specialist",active,2021-11-28,EUR,annual,148669.00,13162.00,22704.00,9949.00,"Bulk batch generation row 413"
EMP1414,Edward,Baker,edward.baker.414@acmecorp.internal,"Engineering",SG,"Staff Engineer",on_leave,2025-06-15,SGD,annual,212608.00,10964.00,0.00,0.00,"Bulk batch generation row 414"
EMP1415,Levi,Clark,levi.clark.415@acmecorp.internal,"Sales & Marketing",US,"Growth Marketing Specialist",active,2021-10-19,USD,annual,129420.00,15763.00,23155.00,0.00,"Bulk batch generation row 415"
EMP1416,Amelia,Wright,amelia.wright.416@acmecorp.internal,"Sales & Marketing",SG,"Head of Partnerships",active,2025-06-18,SGD,annual,124174.00,20774.00,16253.00,0.00,"Bulk batch generation row 416"
EMP1417,David,Sanchez,david.sanchez.417@acmecorp.internal,"Sales & Marketing",GB,"Director of Sales",active,2022-05-27,GBP,annual,156999.00,14301.00,44922.00,7856.00,"Bulk batch generation row 417"
EMP1418,James,Moore,james.moore.418@acmecorp.internal,"Engineering",CA,"Principal Engineer",active,2023-08-16,CAD,annual,219110.00,29172.00,0.00,0.00,"Bulk batch generation row 418"
EMP1419,Emma,Hall,emma.hall.419@acmecorp.internal,"Engineering",DE,"Junior Software Engineer",active,2023-06-26,EUR,annual,108526.00,15060.00,0.00,5528.00,"Bulk batch generation row 419"
EMP1420,Andrew,Hill,andrew.hill.420@acmecorp.internal,"Sales & Marketing",IE,"Director of Sales",active,2025-01-22,EUR,annual,207602.00,39211.00,46371.00,11728.00,"Bulk batch generation row 420"
EMP1421,Amelia,Campbell,amelia.campbell.421@acmecorp.internal,"Engineering",DE,"Senior Software Engineer",active,2022-09-17,EUR,annual,159947.00,18130.00,0.00,14105.00,"Bulk batch generation row 421"
EMP1422,James,Ramirez,james.ramirez.422@acmecorp.internal,"Sales & Marketing",US,"Senior Account Executive",on_leave,2021-06-17,USD,annual,168205.00,21741.00,36270.00,6060.00,"Bulk batch generation row 422"
EMP1423,Thomas,Scott,thomas.scott.423@acmecorp.internal,"Engineering",CA,"Frontend Developer",active,2023-09-01,CAD,annual,156373.00,30371.00,0.00,0.00,"Bulk batch generation row 423"
EMP1424,Noah,Adams,noah.adams.424@acmecorp.internal,"Sales & Marketing",IE,"Product Marketing Manager",active,2022-06-19,EUR,annual,121993.00,8751.00,22919.00,0.00,"Bulk batch generation row 424"
EMP1425,Patricia,Sanchez,patricia.sanchez.425@acmecorp.internal,"Engineering",GB,"QA Automation Engineer",active,2022-07-27,GBP,annual,87145.00,7753.00,0.00,0.00,"Bulk batch generation row 425"
EMP1426,Nancy,Campbell,nancy.campbell.426@acmecorp.internal,"Sales & Marketing",FR,"Senior Account Executive",active,2022-07-15,EUR,annual,184951.00,27516.00,21965.00,0.00,"Bulk batch generation row 426"
EMP1427,Edward,Jackson,edward.jackson.427@acmecorp.internal,"Engineering",DE,"Frontend Developer",active,2021-07-16,EUR,annual,80136.00,5134.00,0.00,0.00,"Bulk batch generation row 427"
EMP1428,Ava,Sanchez,ava.sanchez.428@acmecorp.internal,"Sales & Marketing",IE,"Senior Account Executive",active,2021-12-27,EUR,annual,128892.00,23760.00,28449.00,0.00,"Bulk batch generation row 428"
EMP1429,James,Robinson,james.robinson.429@acmecorp.internal,"Sales & Marketing",AU,"Growth Marketing Specialist",active,2021-07-23,AUD,annual,128786.00,13915.00,14156.00,10198.00,"Bulk batch generation row 429"
EMP1430,Henry,Wright,henry.wright.430@acmecorp.internal,"Engineering",GB,"QA Automation Engineer",active,2025-06-21,GBP,annual,137729.00,26611.00,0.00,14970.00,"Bulk batch generation row 430"
EMP1431,Charles,Sanchez,charles.sanchez.431@acmecorp.internal,"Sales & Marketing",CA,"Account Executive",active,2024-08-26,CAD,annual,150329.00,18040.00,39461.00,12591.00,"Bulk batch generation row 431"
EMP1432,Evelyn,Baker,evelyn.baker.432@acmecorp.internal,"Engineering",SG,"Fullstack Engineer",active,2022-07-17,SGD,annual,116392.00,15252.00,0.00,8481.00,"Bulk batch generation row 432"
EMP1433,Kenneth,Nelson,kenneth.nelson.433@acmecorp.internal,"Sales & Marketing",AU,"Customer Success Manager",active,2022-01-23,AUD,annual,86251.00,13291.00,15501.00,7365.00,"Bulk batch generation row 433"
EMP1434,Barbara,Thomas,barbara.thomas.434@acmecorp.internal,"Engineering",US,"Senior Software Engineer",active,2025-07-24,USD,annual,167040.00,25297.00,0.00,12479.00,"Bulk batch generation row 434"
EMP1435,George,Rodriguez,george.rodriguez.435@acmecorp.internal,"Sales & Marketing",US,"Growth Marketing Specialist",active,2025-10-07,USD,annual,118882.00,14736.00,30643.00,8362.00,"Bulk batch generation row 435"
EMP1436,Evelyn,Nguyen,evelyn.nguyen.436@acmecorp.internal,"Engineering",FR,"Data Engineer",active,2022-08-06,EUR,annual,148702.00,27517.00,0.00,0.00,"Bulk batch generation row 436"
EMP1437,Nancy,Young,nancy.young.437@acmecorp.internal,"Engineering",GB,"Frontend Developer",active,2022-09-15,GBP,annual,88878.00,16272.00,0.00,6547.00,"Bulk batch generation row 437"
EMP1438,Gianna,Ramirez,gianna.ramirez.438@acmecorp.internal,"Engineering",FR,"Cloud Architect",active,2022-12-18,EUR,annual,127643.00,8375.00,0.00,7457.00,"Bulk batch generation row 438"
EMP1439,Lisa,Hernandez,lisa.hernandez.439@acmecorp.internal,"Engineering",DE,"Software Engineer",active,2022-02-05,EUR,annual,106031.00,5545.00,0.00,11640.00,"Bulk batch generation row 439"
EMP1440,Lucas,Scott,lucas.scott.440@acmecorp.internal,"Engineering",SG,"Security Engineer",active,2021-12-27,SGD,annual,151710.00,21723.00,0.00,0.00,"Bulk batch generation row 440"
EMP1441,Donald,Nguyen,donald.nguyen.441@acmecorp.internal,"Engineering",CA,"Staff Engineer",on_leave,2021-08-01,CAD,annual,160822.00,16585.00,0.00,9596.00,"Bulk batch generation row 441"
EMP1442,Emily,Garcia,emily.garcia.442@acmecorp.internal,"Engineering",US,"Site Reliability Engineer",active,2025-11-11,USD,annual,93018.00,11223.00,0.00,0.00,"Bulk batch generation row 442"
EMP1443,James,Martinez,james.martinez.443@acmecorp.internal,"Engineering",DE,"Frontend Developer",active,2025-04-28,EUR,annual,128782.00,21781.00,0.00,0.00,"Bulk batch generation row 443"
EMP1444,Henry,Wright,henry.wright.444@acmecorp.internal,"Engineering",NL,"DevOps Engineer",active,2023-10-14,EUR,annual,89661.00,7366.00,0.00,0.00,"Bulk batch generation row 444"
EMP1445,Kenneth,Jackson,kenneth.jackson.445@acmecorp.internal,"Sales & Marketing",SG,"Senior Account Executive",active,2022-09-13,SGD,annual,123724.00,16796.00,29485.00,0.00,"Bulk batch generation row 445"
EMP1446,Henry,Lopez,henry.lopez.446@acmecorp.internal,"Engineering",DE,"Junior Software Engineer",active,2024-10-19,EUR,annual,113657.00,6499.00,0.00,0.00,"Bulk batch generation row 446"
EMP1447,Camila,Allen,camila.allen.447@acmecorp.internal,"Engineering",DE,"Software Engineer",active,2022-11-05,EUR,annual,106864.00,18593.00,0.00,0.00,"Bulk batch generation row 447"
EMP1448,Michelle,Rodriguez,michelle.rodriguez.448@acmecorp.internal,"Engineering",CA,"Cloud Architect",active,2023-09-20,CAD,annual,143754.00,22933.00,0.00,0.00,"Bulk batch generation row 448"
EMP1449,Daniel,Nelson,daniel.nelson.449@acmecorp.internal,"Sales & Marketing",NL,"Marketing Operations Lead",active,2024-06-16,EUR,annual,188464.00,16502.00,18861.00,0.00,"Bulk batch generation row 449"
EMP1450,James,Baker,james.baker.450@acmecorp.internal,"Engineering",SG,"Principal Engineer",active,2025-10-09,SGD,annual,150923.00,18948.00,0.00,10380.00,"Bulk batch generation row 450"
EMP1451,Joshua,Hernandez,joshua.hernandez.451@acmecorp.internal,"Engineering",CA,"Security Engineer",active,2024-03-26,CAD,annual,155466.00,12625.00,0.00,0.00,"Bulk batch generation row 451"
EMP1452,Donna,Carter,donna.carter.452@acmecorp.internal,"Sales & Marketing",CA,"Growth Marketing Specialist",active,2025-06-13,CAD,annual,139284.00,22252.00,31197.00,8152.00,"Bulk batch generation row 452"
EMP1453,Deborah,Hill,deborah.hill.453@acmecorp.internal,"Sales & Marketing",DE,"Account Executive",active,2023-08-17,EUR,annual,149273.00,24022.00,36268.00,12495.00,"Bulk batch generation row 453"
EMP1454,Donald,Jackson,donald.jackson.454@acmecorp.internal,"Sales & Marketing",FR,"Growth Marketing Specialist",active,2021-12-14,EUR,annual,98215.00,11366.00,13456.00,12895.00,"Bulk batch generation row 454"
EMP1455,Abigail,Allen,abigail.allen.455@acmecorp.internal,"Sales & Marketing",SG,"VP of Global Sales",active,2025-11-09,SGD,annual,209329.00,32710.00,55267.00,12206.00,"Bulk batch generation row 455"
EMP1456,Margaret,Gonzalez,margaret.gonzalez.456@acmecorp.internal,"Sales & Marketing",GB,"Marketing Operations Lead",active,2021-12-20,GBP,annual,164301.00,14731.00,39886.00,12429.00,"Bulk batch generation row 456"
EMP1457,Daniel,Miller,daniel.miller.457@acmecorp.internal,"Sales & Marketing",FR,"Director of Sales",active,2021-04-24,EUR,annual,219631.00,28768.00,64834.00,0.00,"Bulk batch generation row 457"
EMP1458,Michelle,Hall,michelle.hall.458@acmecorp.internal,"Engineering",DE,"Backend Developer",active,2023-05-06,EUR,annual,76036.00,8781.00,0.00,13077.00,"Bulk batch generation row 458"
EMP1459,Margaret,Scott,margaret.scott.459@acmecorp.internal,"Sales & Marketing",FR,"Head of Partnerships",active,2023-05-04,EUR,annual,112217.00,11817.00,18399.00,6289.00,"Bulk batch generation row 459"
EMP1460,Kevin,Thompson,kevin.thompson.460@acmecorp.internal,"Engineering",AU,"Staff Engineer",active,2025-02-28,AUD,annual,172436.00,13098.00,0.00,0.00,"Bulk batch generation row 460"
EMP1461,Jennifer,Lewis,jennifer.lewis.461@acmecorp.internal,"Sales & Marketing",SG,"Senior Account Executive",active,2021-03-24,SGD,annual,119366.00,12396.00,14241.00,11763.00,"Bulk batch generation row 461"
EMP1462,Karen,Nguyen,karen.nguyen.462@acmecorp.internal,"Engineering",GB,"Principal Engineer",active,2021-04-18,GBP,annual,215346.00,23685.00,0.00,13991.00,"Bulk batch generation row 462"
EMP1463,Jennifer,Smith,jennifer.smith.463@acmecorp.internal,"Engineering",DE,"Backend Developer",active,2021-02-26,EUR,annual,135545.00,23372.00,0.00,0.00,"Bulk batch generation row 463"
EMP1464,Jackson,Campbell,jackson.campbell.464@acmecorp.internal,"Engineering",IE,"Backend Developer",active,2021-12-07,EUR,annual,112336.00,15308.00,0.00,5049.00,"Bulk batch generation row 464"
EMP1465,Kenneth,Green,kenneth.green.465@acmecorp.internal,"Engineering",CA,"Principal Engineer",on_leave,2022-07-26,CAD,annual,165151.00,28052.00,0.00,13885.00,"Bulk batch generation row 465"
EMP1466,Levi,White,levi.white.466@acmecorp.internal,"Sales & Marketing",DE,"Product Marketing Manager",active,2022-11-01,EUR,annual,115607.00,14963.00,31554.00,0.00,"Bulk batch generation row 466"
EMP1467,Brian,Jones,brian.jones.467@acmecorp.internal,"Sales & Marketing",AU,"Director of Sales",active,2025-06-16,AUD,annual,149058.00,13410.00,40329.00,0.00,"Bulk batch generation row 467"
EMP1468,Daniel,Torres,daniel.torres.468@acmecorp.internal,"Sales & Marketing",SG,"Head of Partnerships",active,2024-12-05,SGD,annual,107504.00,10546.00,14299.00,0.00,"Bulk batch generation row 468"
EMP1469,Robert,White,robert.white.469@acmecorp.internal,"Engineering",GB,"DevOps Engineer",active,2025-08-23,GBP,annual,107273.00,16961.00,0.00,11374.00,"Bulk batch generation row 469"
EMP1470,Donald,Ramirez,donald.ramirez.470@acmecorp.internal,"Engineering",US,"Staff Engineer",on_leave,2023-07-13,USD,annual,187028.00,28387.00,0.00,8517.00,"Bulk batch generation row 470"
EMP1471,Melissa,Perez,melissa.perez.471@acmecorp.internal,"Engineering",SG,"Junior Software Engineer",active,2023-06-22,SGD,annual,105859.00,11607.00,0.00,0.00,"Bulk batch generation row 471"
EMP1472,Mia,Harris,mia.harris.472@acmecorp.internal,"Sales & Marketing",CA,"Senior Account Executive",active,2022-05-12,CAD,annual,161229.00,20915.00,33569.00,0.00,"Bulk batch generation row 472"
EMP1473,Olivia,King,olivia.king.473@acmecorp.internal,"Engineering",IE,"Staff Engineer",on_leave,2021-07-25,EUR,annual,164108.00,32414.00,0.00,7069.00,"Bulk batch generation row 473"
EMP1474,Joseph,Anderson,joseph.anderson.474@acmecorp.internal,"Sales & Marketing",SG,"Account Executive",active,2021-06-09,SGD,annual,85139.00,7078.00,23270.00,0.00,"Bulk batch generation row 474"
EMP1475,James,Roberts,james.roberts.475@acmecorp.internal,"Engineering",SG,"Senior Software Engineer",active,2021-12-17,SGD,annual,182628.00,24668.00,0.00,0.00,"Bulk batch generation row 475"
EMP1476,Ashley,Young,ashley.young.476@acmecorp.internal,"Sales & Marketing",DE,"VP of Global Sales",active,2021-10-24,EUR,annual,227757.00,12947.00,25723.00,11523.00,"Bulk batch generation row 476"
EMP1477,Carol,Lee,carol.lee.477@acmecorp.internal,"Engineering",AU,"Security Engineer",on_leave,2024-08-09,AUD,annual,120603.00,14385.00,0.00,0.00,"Bulk batch generation row 477"
EMP1478,Emily,Adams,emily.adams.478@acmecorp.internal,"Sales & Marketing",CA,"Marketing Operations Lead",on_leave,2025-05-10,CAD,annual,175699.00,32230.00,45043.00,0.00,"Bulk batch generation row 478"
EMP1479,Donna,Torres,donna.torres.479@acmecorp.internal,"Engineering",US,"Software Engineer",active,2025-02-13,USD,annual,111144.00,10762.00,0.00,11845.00,"Bulk batch generation row 479"
EMP1480,Ashley,Williams,ashley.williams.480@acmecorp.internal,"Sales & Marketing",CA,"Account Executive",active,2021-03-18,CAD,annual,123510.00,8255.00,22222.00,13445.00,"Bulk batch generation row 480"
EMP1481,Charlotte,Clark,charlotte.clark.481@acmecorp.internal,"Sales & Marketing",IE,"Account Executive",active,2021-12-20,EUR,annual,118572.00,17009.00,24592.00,5734.00,"Bulk batch generation row 481"
EMP1482,Deborah,Walker,deborah.walker.482@acmecorp.internal,"Engineering",FR,"Cloud Architect",active,2024-09-15,EUR,annual,121988.00,15248.00,0.00,0.00,"Bulk batch generation row 482"
EMP1483,Charles,Miller,charles.miller.483@acmecorp.internal,"Sales & Marketing",GB,"Customer Success Manager",active,2025-10-07,GBP,annual,122687.00,13653.00,23660.00,0.00,"Bulk batch generation row 483"
EMP1484,Deborah,Brown,deborah.brown.484@acmecorp.internal,"Sales & Marketing",GB,"Inbound Sales Specialist",active,2025-02-20,GBP,annual,134888.00,23729.00,36844.00,0.00,"Bulk batch generation row 484"
EMP1485,Daniel,Lewis,daniel.lewis.485@acmecorp.internal,"Sales & Marketing",FR,"Head of Partnerships",active,2021-02-11,EUR,annual,108438.00,19333.00,13131.00,0.00,"Bulk batch generation row 485"
EMP1486,Gianna,Rivera,gianna.rivera.486@acmecorp.internal,"Engineering",SG,"QA Automation Engineer",active,2024-04-06,SGD,annual,158213.00,13425.00,0.00,0.00,"Bulk batch generation row 486"
EMP1487,Christopher,Williams,christopher.williams.487@acmecorp.internal,"Sales & Marketing",AU,"VP of Global Sales",active,2025-12-15,AUD,annual,207620.00,11561.00,30446.00,0.00,"Bulk batch generation row 487"
EMP1488,Nancy,Scott,nancy.scott.488@acmecorp.internal,"Engineering",NL,"Software Engineer",on_leave,2023-09-08,EUR,annual,133861.00,9920.00,0.00,12713.00,"Bulk batch generation row 488"
EMP1489,Benjamin,King,benjamin.king.489@acmecorp.internal,"Sales & Marketing",GB,"Growth Marketing Specialist",active,2022-08-28,GBP,annual,143382.00,22777.00,19225.00,6592.00,"Bulk batch generation row 489"
EMP1490,Jennifer,Taylor,jennifer.taylor.490@acmecorp.internal,"Sales & Marketing",SG,"Enterprise Account Exec",active,2025-11-24,SGD,annual,91393.00,16064.00,16369.00,12787.00,"Bulk batch generation row 490"
EMP1491,Amanda,Walker,amanda.walker.491@acmecorp.internal,"Sales & Marketing",IE,"Inbound Sales Specialist",active,2023-04-24,EUR,annual,87464.00,10197.00,21369.00,0.00,"Bulk batch generation row 491"
EMP1492,Daniel,Hernandez,daniel.hernandez.492@acmecorp.internal,"Engineering",IE,"Cloud Architect",active,2024-08-18,EUR,annual,146947.00,18255.00,0.00,0.00,"Bulk batch generation row 492"
EMP1493,Elizabeth,Perez,elizabeth.perez.493@acmecorp.internal,"Engineering",DE,"Staff Engineer",active,2022-08-03,EUR,annual,190415.00,25804.00,0.00,13525.00,"Bulk batch generation row 493"
EMP1494,Olivia,Robinson,olivia.robinson.494@acmecorp.internal,"Engineering",AU,"Backend Developer",active,2021-04-23,AUD,annual,118855.00,7757.00,0.00,14725.00,"Bulk batch generation row 494"
EMP1495,Alexander,Lopez,alexander.lopez.495@acmecorp.internal,"Engineering",DE,"QA Automation Engineer",active,2023-11-07,EUR,annual,138998.00,15179.00,0.00,0.00,"Bulk batch generation row 495"
EMP1496,Mia,Garcia,mia.garcia.496@acmecorp.internal,"Engineering",SG,"Frontend Developer",active,2021-07-21,SGD,annual,156439.00,15843.00,0.00,8126.00,"Bulk batch generation row 496"
EMP1497,Karen,Rodriguez,karen.rodriguez.497@acmecorp.internal,"Sales & Marketing",DE,"Senior Account Executive",on_leave,2021-09-26,EUR,annual,173551.00,21751.00,26694.00,0.00,"Bulk batch generation row 497"
EMP1498,Robert,Martin,robert.martin.498@acmecorp.internal,"Engineering",AU,"Data Engineer",active,2021-02-13,AUD,annual,106836.00,14492.00,0.00,0.00,"Bulk batch generation row 498"
EMP1499,Levi,Rodriguez,levi.rodriguez.499@acmecorp.internal,"Engineering",CA,"Staff Engineer",active,2023-07-17,CAD,annual,226682.00,40677.00,0.00,10052.00,"Bulk batch generation row 499"
EMP1500,Lucas,Jones,lucas.jones.500@acmecorp.internal,"Engineering",GB,"DevOps Engineer",active,2023-02-11,GBP,annual,86787.00,9411.00,0.00,0.00,"Bulk batch generation row 500"
EMP1501,Brian,Gonzalez,brian.gonzalez.501@acmecorp.internal,"Engineering",DE,"QA Automation Engineer",active,2022-09-20,EUR,annual,120502.00,13755.00,0.00,0.00,"Bulk batch generation row 501"
EMP1502,Elizabeth,Lopez,elizabeth.lopez.502@acmecorp.internal,"Engineering",IE,"Staff Engineer",active,2023-09-28,EUR,annual,182215.00,14736.00,0.00,0.00,"Bulk batch generation row 502"
EMP1503,Thomas,Wright,thomas.wright.503@acmecorp.internal,"Engineering",AU,"Staff Engineer",active,2022-09-04,AUD,annual,222978.00,15702.00,0.00,5860.00,"Bulk batch generation row 503"
EMP1504,Theodore,Rivera,theodore.rivera.504@acmecorp.internal,"Sales & Marketing",FR,"Head of Partnerships",active,2022-03-24,EUR,annual,114158.00,10778.00,12482.00,0.00,"Bulk batch generation row 504"
EMP1505,Evelyn,Johnson,evelyn.johnson.505@acmecorp.internal,"Sales & Marketing",NL,"Sales Development Rep",active,2024-06-03,EUR,annual,105109.00,9937.00,15522.00,11278.00,"Bulk batch generation row 505"
EMP1506,Margaret,Rodriguez,margaret.rodriguez.506@acmecorp.internal,"Engineering",AU,"Senior Software Engineer",active,2025-10-18,AUD,annual,141895.00,18180.00,0.00,14969.00,"Bulk batch generation row 506"
EMP1507,Robert,Hall,robert.hall.507@acmecorp.internal,"Engineering",AU,"Security Engineer",active,2021-06-22,AUD,annual,79708.00,9612.00,0.00,6377.00,"Bulk batch generation row 507"
EMP1508,Sophia,Carter,sophia.carter.508@acmecorp.internal,"Engineering",NL,"Fullstack Engineer",active,2023-07-28,EUR,annual,121456.00,18519.00,0.00,0.00,"Bulk batch generation row 508"
EMP1509,Jessica,Rivera,jessica.rivera.509@acmecorp.internal,"Engineering",IE,"Staff Engineer",active,2021-10-15,EUR,annual,201809.00,20534.00,0.00,11490.00,"Bulk batch generation row 509"
EMP1510,David,Hall,david.hall.510@acmecorp.internal,"Engineering",NL,"QA Automation Engineer",active,2022-01-15,EUR,annual,158987.00,29809.00,0.00,0.00,"Bulk batch generation row 510"
EMP1511,Kimberly,Walker,kimberly.walker.511@acmecorp.internal,"Engineering",CA,"Junior Software Engineer",active,2023-05-15,CAD,annual,75099.00,6690.00,0.00,0.00,"Bulk batch generation row 511"
EMP1512,Benjamin,Thomas,benjamin.thomas.512@acmecorp.internal,"Sales & Marketing",FR,"VP of Global Sales",active,2024-12-12,EUR,annual,185856.00,24124.00,43104.00,5890.00,"Bulk batch generation row 512"
EMP1513,Ava,Adams,ava.adams.513@acmecorp.internal,"Engineering",SG,"Backend Developer",active,2024-01-15,SGD,annual,145874.00,16739.00,0.00,0.00,"Bulk batch generation row 513"
EMP1514,Ella,Nelson,ella.nelson.514@acmecorp.internal,"Engineering",CA,"Software Engineer",active,2024-02-10,CAD,annual,87958.00,16508.00,0.00,13249.00,"Bulk batch generation row 514"
EMP1515,Linda,Garcia,linda.garcia.515@acmecorp.internal,"Engineering",IE,"Staff Engineer",active,2024-11-01,EUR,annual,181635.00,26912.00,0.00,0.00,"Bulk batch generation row 515"
EMP1516,Mark,Mitchell,mark.mitchell.516@acmecorp.internal,"Sales & Marketing",AU,"Account Executive",active,2024-03-07,AUD,annual,90241.00,5994.00,20568.00,0.00,"Bulk batch generation row 516"
EMP1517,Edward,Taylor,edward.taylor.517@acmecorp.internal,"Engineering",AU,"Staff Engineer",active,2021-04-21,AUD,annual,179244.00,35305.00,0.00,7092.00,"Bulk batch generation row 517"
EMP1518,Carol,Sanchez,carol.sanchez.518@acmecorp.internal,"Sales & Marketing",FR,"Inbound Sales Specialist",active,2021-03-07,EUR,annual,118056.00,14450.00,34858.00,10731.00,"Bulk batch generation row 518"
EMP1519,Paul,Hall,paul.hall.519@acmecorp.internal,"Sales & Marketing",DE,"VP of Global Sales",active,2023-08-14,EUR,annual,182979.00,20266.00,23509.00,0.00,"Bulk batch generation row 519"
EMP1520,Ashley,Carter,ashley.carter.520@acmecorp.internal,"Sales & Marketing",DE,"VP of Global Sales",active,2022-04-12,EUR,annual,220868.00,14012.00,48363.00,0.00,"Bulk batch generation row 520"
EMP1521,Edward,Lee,edward.lee.521@acmecorp.internal,"Engineering",NL,"Cloud Architect",active,2021-02-17,EUR,annual,97679.00,10361.00,0.00,5345.00,"Bulk batch generation row 521"
EMP1522,Elizabeth,Smith,elizabeth.smith.522@acmecorp.internal,"Engineering",CA,"Security Engineer",active,2022-05-16,CAD,annual,96079.00,10401.00,0.00,6007.00,"Bulk batch generation row 522"
EMP1523,Nancy,Nelson,nancy.nelson.523@acmecorp.internal,"Sales & Marketing",AU,"Customer Success Manager",active,2023-07-26,AUD,annual,144228.00,21602.00,19051.00,6207.00,"Bulk batch generation row 523"
EMP1524,Paul,Harris,paul.harris.524@acmecorp.internal,"Engineering",NL,"Engineering Manager",active,2022-03-28,EUR,annual,82234.00,9826.00,0.00,7276.00,"Bulk batch generation row 524"
EMP1525,Isabella,Martin,isabella.martin.525@acmecorp.internal,"Sales & Marketing",SG,"VP of Global Sales",active,2025-01-17,SGD,annual,207210.00,27589.00,50281.00,10763.00,"Bulk batch generation row 525"
EMP1526,Carol,Smith,carol.smith.526@acmecorp.internal,"Engineering",FR,"Site Reliability Engineer",active,2022-09-19,EUR,annual,137022.00,14584.00,0.00,6332.00,"Bulk batch generation row 526"
EMP1527,Andrew,Johnson,andrew.johnson.527@acmecorp.internal,"Engineering",DE,"Engineering Manager",active,2022-08-15,EUR,annual,92253.00,15798.00,0.00,0.00,"Bulk batch generation row 527"
EMP1528,Benjamin,Anderson,benjamin.anderson.528@acmecorp.internal,"Sales & Marketing",CA,"Account Executive",active,2024-03-06,CAD,annual,110132.00,9432.00,15249.00,10800.00,"Bulk batch generation row 528"
EMP1529,Deborah,Allen,deborah.allen.529@acmecorp.internal,"Engineering",DE,"Frontend Developer",active,2021-03-19,EUR,annual,90213.00,16432.00,0.00,0.00,"Bulk batch generation row 529"
EMP1530,Mark,Hill,mark.hill.530@acmecorp.internal,"Engineering",SG,"QA Automation Engineer",active,2023-03-23,SGD,annual,145801.00,24013.00,0.00,5187.00,"Bulk batch generation row 530"
EMP1531,Emma,Brown,emma.brown.531@acmecorp.internal,"Engineering",IE,"Principal Engineer",active,2022-02-16,EUR,annual,214941.00,42063.00,0.00,0.00,"Bulk batch generation row 531"
EMP1532,Nancy,Jackson,nancy.jackson.532@acmecorp.internal,"Engineering",NL,"Backend Developer",active,2021-01-28,EUR,annual,76568.00,12718.00,0.00,5862.00,"Bulk batch generation row 532"
EMP1533,Ashley,Smith,ashley.smith.533@acmecorp.internal,"Engineering",AU,"DevOps Engineer",active,2021-10-05,AUD,annual,138544.00,21322.00,0.00,0.00,"Bulk batch generation row 533"
EMP1534,John,Lewis,john.lewis.534@acmecorp.internal,"Sales & Marketing",AU,"Growth Marketing Specialist",active,2024-03-24,AUD,annual,79958.00,5976.00,9149.00,0.00,"Bulk batch generation row 534"
EMP1535,Andrew,Jones,andrew.jones.535@acmecorp.internal,"Sales & Marketing",DE,"Senior Account Executive",active,2024-03-27,EUR,annual,153145.00,20585.00,31791.00,14675.00,"Bulk batch generation row 535"
EMP1536,Gianna,Thompson,gianna.thompson.536@acmecorp.internal,"Sales & Marketing",US,"Account Executive",active,2025-01-01,USD,annual,102532.00,16158.00,29479.00,9953.00,"Bulk batch generation row 536"
EMP1537,Mary,Lopez,mary.lopez.537@acmecorp.internal,"Sales & Marketing",GB,"Head of Partnerships",active,2022-03-20,GBP,annual,141663.00,17523.00,19964.00,9613.00,"Bulk batch generation row 537"
EMP1538,Kenneth,Gonzalez,kenneth.gonzalez.538@acmecorp.internal,"Engineering",US,"Cloud Architect",active,2023-08-04,USD,annual,145663.00,15356.00,0.00,0.00,"Bulk batch generation row 538"
EMP1539,Betty,Robinson,betty.robinson.539@acmecorp.internal,"Engineering",FR,"Site Reliability Engineer",active,2022-10-15,EUR,annual,133718.00,12913.00,0.00,6224.00,"Bulk batch generation row 539"
EMP1540,Gianna,Perez,gianna.perez.540@acmecorp.internal,"Sales & Marketing",AU,"Enterprise Account Exec",active,2025-01-24,AUD,annual,82506.00,4549.00,19844.00,0.00,"Bulk batch generation row 540"
EMP1541,Jennifer,Carter,jennifer.carter.541@acmecorp.internal,"Sales & Marketing",GB,"Growth Marketing Specialist",active,2021-01-02,GBP,annual,156005.00,20174.00,42770.00,0.00,"Bulk batch generation row 541"
EMP1542,Richard,Williams,richard.williams.542@acmecorp.internal,"Engineering",GB,"QA Automation Engineer",active,2021-11-17,GBP,annual,90254.00,11684.00,0.00,0.00,"Bulk batch generation row 542"
EMP1543,Edward,Lewis,edward.lewis.543@acmecorp.internal,"Sales & Marketing",IE,"Enterprise Account Exec",active,2024-02-09,EUR,annual,118949.00,19939.00,15067.00,6933.00,"Bulk batch generation row 543"
EMP1544,Richard,Allen,richard.allen.544@acmecorp.internal,"Sales & Marketing",NL,"Account Executive",active,2024-04-27,EUR,annual,77614.00,10117.00,11895.00,6136.00,"Bulk batch generation row 544"
EMP1545,Harper,Flores,harper.flores.545@acmecorp.internal,"Engineering",US,"Staff Engineer",active,2021-12-18,USD,annual,151211.00,16544.00,0.00,0.00,"Bulk batch generation row 545"
EMP1546,Matthew,Brown,matthew.brown.546@acmecorp.internal,"Engineering",FR,"Principal Engineer",active,2023-10-11,EUR,annual,205771.00,12115.00,0.00,6303.00,"Bulk batch generation row 546"
EMP1547,Nancy,Allen,nancy.allen.547@acmecorp.internal,"Sales & Marketing",GB,"Growth Marketing Specialist",active,2022-11-09,GBP,annual,84606.00,7489.00,9244.00,13336.00,"Bulk batch generation row 547"
EMP1548,Karen,Hill,karen.hill.548@acmecorp.internal,"Sales & Marketing",CA,"Account Executive",terminated,2024-08-01,CAD,annual,93854.00,9532.00,13759.00,12944.00,"Bulk batch generation row 548"
EMP1549,Ella,Miller,ella.miller.549@acmecorp.internal,"Engineering",AU,"Software Engineer",active,2022-10-11,AUD,annual,124033.00,16114.00,0.00,0.00,"Bulk batch generation row 549"
EMP1550,Kimberly,Jackson,kimberly.jackson.550@acmecorp.internal,"Engineering",SG,"DevOps Engineer",terminated,2022-10-06,SGD,annual,145889.00,17882.00,0.00,0.00,"Bulk batch generation row 550"
EMP1551,Alexander,Lewis,alexander.lewis.551@acmecorp.internal,"Engineering",CA,"Cloud Architect",active,2023-01-22,CAD,annual,99019.00,12873.00,0.00,8354.00,"Bulk batch generation row 551"
EMP1552,Henry,Jackson,henry.jackson.552@acmecorp.internal,"Sales & Marketing",AU,"Marketing Operations Lead",active,2024-04-21,AUD,annual,176997.00,18904.00,38630.00,0.00,"Bulk batch generation row 552"
EMP1553,Gianna,Wilson,gianna.wilson.553@acmecorp.internal,"Sales & Marketing",NL,"Enterprise Account Exec",active,2023-11-06,EUR,annual,121876.00,17353.00,22982.00,8049.00,"Bulk batch generation row 553"
EMP1554,Ava,Ramirez,ava.ramirez.554@acmecorp.internal,"Engineering",CA,"Site Reliability Engineer",active,2022-04-27,CAD,annual,108736.00,12494.00,0.00,0.00,"Bulk batch generation row 554"
EMP1555,Michelle,Jones,michelle.jones.555@acmecorp.internal,"Engineering",GB,"Fullstack Engineer",active,2021-03-10,GBP,annual,81567.00,15694.00,0.00,6724.00,"Bulk batch generation row 555"
EMP1556,Kevin,King,kevin.king.556@acmecorp.internal,"Engineering",SG,"Security Engineer",active,2023-08-26,SGD,annual,140427.00,19553.00,0.00,11751.00,"Bulk batch generation row 556"
EMP1557,Christopher,Robinson,christopher.robinson.557@acmecorp.internal,"Engineering",CA,"Engineering Manager",active,2024-07-24,CAD,annual,99949.00,8432.00,0.00,0.00,"Bulk batch generation row 557"
EMP1558,Isabella,Martin,isabella.martin.558@acmecorp.internal,"Engineering",CA,"Security Engineer",active,2023-04-12,CAD,annual,102922.00,8834.00,0.00,0.00,"Bulk batch generation row 558"
EMP1559,Camila,Adams,camila.adams.559@acmecorp.internal,"Engineering",US,"Junior Software Engineer",active,2021-03-12,USD,annual,100788.00,12345.00,0.00,0.00,"Bulk batch generation row 559"
EMP1560,Mark,Jones,mark.jones.560@acmecorp.internal,"Engineering",DE,"Staff Engineer",active,2022-08-09,EUR,annual,146985.00,23096.00,0.00,9528.00,"Bulk batch generation row 560"
EMP1561,Mia,Johnson,mia.johnson.561@acmecorp.internal,"Engineering",FR,"Software Engineer",active,2024-02-14,EUR,annual,90059.00,10808.00,0.00,0.00,"Bulk batch generation row 561"
EMP1562,Amelia,Martin,amelia.martin.562@acmecorp.internal,"Engineering",FR,"Data Engineer",active,2021-04-05,EUR,annual,131906.00,21470.00,0.00,0.00,"Bulk batch generation row 562"
EMP1563,George,Baker,george.baker.563@acmecorp.internal,"Engineering",FR,"Frontend Developer",active,2021-12-08,EUR,annual,118970.00,14451.00,0.00,10407.00,"Bulk batch generation row 563"
EMP1564,Stephanie,Sanchez,stephanie.sanchez.564@acmecorp.internal,"Engineering",NL,"Data Engineer",active,2025-04-21,EUR,annual,129568.00,8833.00,0.00,0.00,"Bulk batch generation row 564"
EMP1565,Gianna,Young,gianna.young.565@acmecorp.internal,"Sales & Marketing",GB,"VP of Global Sales",terminated,2023-07-17,GBP,annual,150512.00,25049.00,36115.00,0.00,"Bulk batch generation row 565"
EMP1566,Nancy,Jackson,nancy.jackson.566@acmecorp.internal,"Engineering",IE,"Staff Engineer",active,2025-01-09,EUR,annual,217016.00,14715.00,0.00,0.00,"Bulk batch generation row 566"
EMP1567,William,Williams,william.williams.567@acmecorp.internal,"Engineering",AU,"QA Automation Engineer",active,2023-07-23,AUD,annual,135788.00,12162.00,0.00,0.00,"Bulk batch generation row 567"
EMP1568,Carol,Clark,carol.clark.568@acmecorp.internal,"Sales & Marketing",IE,"Customer Success Manager",active,2023-11-11,EUR,annual,106805.00,7403.00,30022.00,13066.00,"Bulk batch generation row 568"
EMP1569,Jack,Smith,jack.smith.569@acmecorp.internal,"Engineering",US,"Junior Software Engineer",active,2024-11-21,USD,annual,152265.00,29590.00,0.00,6661.00,"Bulk batch generation row 569"
EMP1570,Karen,Martin,karen.martin.570@acmecorp.internal,"Engineering",DE,"Software Engineer",on_leave,2021-11-24,EUR,annual,78686.00,13577.00,0.00,13637.00,"Bulk batch generation row 570"
EMP1571,Sarah,Hill,sarah.hill.571@acmecorp.internal,"Engineering",SG,"Principal Engineer",active,2025-02-08,SGD,annual,209343.00,15914.00,0.00,0.00,"Bulk batch generation row 571"
EMP1572,Joseph,Hernandez,joseph.hernandez.572@acmecorp.internal,"Sales & Marketing",CA,"Customer Success Manager",active,2023-05-07,CAD,annual,88674.00,12916.00,19036.00,8834.00,"Bulk batch generation row 572"
EMP1573,Lisa,Walker,lisa.walker.573@acmecorp.internal,"Engineering",IE,"Site Reliability Engineer",terminated,2025-02-27,EUR,annual,103761.00,11121.00,0.00,0.00,"Bulk batch generation row 573"
EMP1574,Kimberly,Torres,kimberly.torres.574@acmecorp.internal,"Sales & Marketing",IE,"Inbound Sales Specialist",on_leave,2025-09-24,EUR,annual,126707.00,7164.00,37863.00,11953.00,"Bulk batch generation row 574"
EMP1575,Sarah,Rodriguez,sarah.rodriguez.575@acmecorp.internal,"Engineering",AU,"Security Engineer",active,2024-10-22,AUD,annual,117075.00,10361.00,0.00,0.00,"Bulk batch generation row 575"
EMP1576,Mateo,Harris,mateo.harris.576@acmecorp.internal,"Engineering",US,"Senior Software Engineer",active,2022-05-12,USD,annual,148793.00,9099.00,0.00,12113.00,"Bulk batch generation row 576"
EMP1577,Oliver,Robinson,oliver.robinson.577@acmecorp.internal,"Engineering",AU,"Fullstack Engineer",active,2025-11-09,AUD,annual,106931.00,12313.00,0.00,0.00,"Bulk batch generation row 577"
EMP1578,William,Brown,william.brown.578@acmecorp.internal,"Engineering",AU,"Backend Developer",active,2024-04-17,AUD,annual,109789.00,12017.00,0.00,7793.00,"Bulk batch generation row 578"
EMP1579,Joshua,Young,joshua.young.579@acmecorp.internal,"Engineering",IE,"Fullstack Engineer",active,2023-01-07,EUR,annual,152711.00,20783.00,0.00,0.00,"Bulk batch generation row 579"
EMP1580,Elijah,Miller,elijah.miller.580@acmecorp.internal,"Engineering",DE,"Frontend Developer",active,2024-02-08,EUR,annual,137101.00,13515.00,0.00,0.00,"Bulk batch generation row 580"
EMP1581,Christopher,Smith,christopher.smith.581@acmecorp.internal,"Engineering",NL,"Senior Software Engineer",active,2024-11-20,EUR,annual,173725.00,16334.00,0.00,0.00,"Bulk batch generation row 581"
EMP1582,Sophia,Carter,sophia.carter.582@acmecorp.internal,"Sales & Marketing",SG,"Marketing Operations Lead",active,2024-03-24,SGD,annual,193974.00,22500.00,37624.00,7589.00,"Bulk batch generation row 582"
EMP1583,Donna,Wright,donna.wright.583@acmecorp.internal,"Sales & Marketing",DE,"Growth Marketing Specialist",active,2024-08-12,EUR,annual,84775.00,4824.00,22637.00,0.00,"Bulk batch generation row 583"
EMP1584,Lisa,Hall,lisa.hall.584@acmecorp.internal,"Engineering",GB,"Cloud Architect",active,2021-06-07,GBP,annual,79299.00,6189.00,0.00,0.00,"Bulk batch generation row 584"
EMP1585,Nancy,Harris,nancy.harris.585@acmecorp.internal,"Engineering",SG,"Engineering Manager",active,2023-08-27,SGD,annual,128422.00,18539.00,0.00,0.00,"Bulk batch generation row 585"
EMP1586,Karen,Smith,karen.smith.586@acmecorp.internal,"Engineering",AU,"Engineering Manager",active,2023-08-25,AUD,annual,108948.00,18314.00,0.00,0.00,"Bulk batch generation row 586"
EMP1587,Emma,Carter,emma.carter.587@acmecorp.internal,"Sales & Marketing",CA,"Director of Sales",active,2022-09-12,CAD,annual,215306.00,14551.00,49837.00,0.00,"Bulk batch generation row 587"
EMP1588,Jessica,Rodriguez,jessica.rodriguez.588@acmecorp.internal,"Sales & Marketing",FR,"Inbound Sales Specialist",active,2023-03-17,EUR,annual,114498.00,7801.00,22741.00,0.00,"Bulk batch generation row 588"
EMP1589,Benjamin,Lopez,benjamin.lopez.589@acmecorp.internal,"Sales & Marketing",NL,"Growth Marketing Specialist",active,2023-11-22,EUR,annual,116994.00,19700.00,16120.00,12762.00,"Bulk batch generation row 589"
EMP1590,James,Campbell,james.campbell.590@acmecorp.internal,"Sales & Marketing",FR,"Account Executive",active,2022-07-22,EUR,annual,79216.00,5786.00,8037.00,0.00,"Bulk batch generation row 590"
EMP1591,Margaret,Hill,margaret.hill.591@acmecorp.internal,"Sales & Marketing",IE,"Marketing Operations Lead",active,2024-09-26,EUR,annual,165862.00,20250.00,25744.00,0.00,"Bulk batch generation row 591"
EMP1592,Jessica,Young,jessica.young.592@acmecorp.internal,"Engineering",DE,"Backend Developer",active,2021-08-23,EUR,annual,119251.00,6247.00,0.00,0.00,"Bulk batch generation row 592"
EMP1593,Alexander,Miller,alexander.miller.593@acmecorp.internal,"Engineering",IE,"Frontend Developer",active,2023-03-12,EUR,annual,119378.00,14946.00,0.00,0.00,"Bulk batch generation row 593"
EMP1594,Ashley,Harris,ashley.harris.594@acmecorp.internal,"Engineering",SG,"QA Automation Engineer",active,2025-09-17,SGD,annual,158357.00,17968.00,0.00,7204.00,"Bulk batch generation row 594"
EMP1595,Camila,Hall,camila.hall.595@acmecorp.internal,"Engineering",IE,"Security Engineer",active,2021-10-23,EUR,annual,83902.00,14169.00,0.00,12215.00,"Bulk batch generation row 595"
EMP1596,Robert,Anderson,robert.anderson.596@acmecorp.internal,"Sales & Marketing",SG,"Senior Account Executive",active,2024-08-28,SGD,annual,166854.00,11290.00,47441.00,0.00,"Bulk batch generation row 596"
EMP1597,Ava,Gonzalez,ava.gonzalez.597@acmecorp.internal,"Engineering",DE,"Site Reliability Engineer",on_leave,2025-10-11,EUR,annual,143704.00,27417.00,0.00,0.00,"Bulk batch generation row 597"
EMP1598,Thomas,Nguyen,thomas.nguyen.598@acmecorp.internal,"Sales & Marketing",FR,"Inbound Sales Specialist",active,2022-12-17,EUR,annual,93114.00,7934.00,19330.00,8927.00,"Bulk batch generation row 598"
EMP1599,Henry,Anderson,henry.anderson.599@acmecorp.internal,"Sales & Marketing",SG,"Head of Partnerships",on_leave,2023-11-01,SGD,annual,157576.00,16128.00,36455.00,11559.00,"Bulk batch generation row 599"
EMP1600,Deborah,Scott,deborah.scott.600@acmecorp.internal,"Sales & Marketing",AU,"Director of Sales",on_leave,2023-03-08,AUD,annual,184499.00,32209.00,53798.00,0.00,"Bulk batch generation row 600"
EMP1601,James,Harris,james.harris.601@acmecorp.internal,"Engineering",GB,"Frontend Developer",terminated,2022-03-07,GBP,annual,140935.00,25666.00,0.00,14204.00,"Bulk batch generation row 601"
EMP1602,Noah,Perez,noah.perez.602@acmecorp.internal,"Engineering",FR,"Junior Software Engineer",active,2025-05-28,EUR,annual,94613.00,16038.00,0.00,0.00,"Bulk batch generation row 602"
EMP1603,Charlotte,Moore,charlotte.moore.603@acmecorp.internal,"Engineering",CA,"Site Reliability Engineer",active,2025-02-17,CAD,annual,128158.00,20355.00,0.00,13428.00,"Bulk batch generation row 603"
EMP1604,Kenneth,Adams,kenneth.adams.604@acmecorp.internal,"Sales & Marketing",GB,"Director of Sales",active,2023-12-13,GBP,annual,221665.00,34718.00,51294.00,9793.00,"Bulk batch generation row 604"
EMP1605,Matthew,Lopez,matthew.lopez.605@acmecorp.internal,"Sales & Marketing",IE,"Product Marketing Manager",active,2022-08-07,EUR,annual,134513.00,17069.00,34343.00,0.00,"Bulk batch generation row 605"
EMP1606,Levi,Jones,levi.jones.606@acmecorp.internal,"Engineering",CA,"Backend Developer",active,2021-05-24,CAD,annual,87210.00,15386.00,0.00,7439.00,"Bulk batch generation row 606"
EMP1607,William,Moore,william.moore.607@acmecorp.internal,"Engineering",CA,"Software Engineer",active,2024-11-15,CAD,annual,91489.00,12428.00,0.00,10289.00,"Bulk batch generation row 607"
EMP1608,Matthew,Thomas,matthew.thomas.608@acmecorp.internal,"Engineering",GB,"Software Engineer",active,2023-08-04,GBP,annual,105386.00,15366.00,0.00,0.00,"Bulk batch generation row 608"
EMP1609,Noah,Thompson,noah.thompson.609@acmecorp.internal,"Engineering",AU,"Software Engineer",active,2024-11-10,AUD,annual,106174.00,17558.00,0.00,0.00,"Bulk batch generation row 609"
EMP1610,Amanda,Mitchell,amanda.mitchell.610@acmecorp.internal,"Engineering",DE,"Software Engineer",active,2021-07-28,EUR,annual,119552.00,18609.00,0.00,6383.00,"Bulk batch generation row 610"
EMP1611,Elijah,Robinson,elijah.robinson.611@acmecorp.internal,"Engineering",NL,"Backend Developer",active,2023-04-06,EUR,annual,135225.00,21183.00,0.00,9488.00,"Bulk batch generation row 611"
EMP1612,Jackson,Garcia,jackson.garcia.612@acmecorp.internal,"Engineering",AU,"Backend Developer",active,2023-07-01,AUD,annual,103500.00,11201.00,0.00,0.00,"Bulk batch generation row 612"
EMP1613,Emily,Adams,emily.adams.613@acmecorp.internal,"Engineering",IE,"Cloud Architect",active,2025-08-20,EUR,annual,89520.00,16468.00,0.00,7308.00,"Bulk batch generation row 613"
EMP1614,William,Perez,william.perez.614@acmecorp.internal,"Sales & Marketing",US,"VP of Global Sales",active,2022-09-19,USD,annual,227446.00,22244.00,63666.00,5484.00,"Bulk batch generation row 614"
EMP1615,Elijah,Young,elijah.young.615@acmecorp.internal,"Sales & Marketing",US,"Enterprise Account Exec",active,2021-08-23,USD,annual,121261.00,14397.00,22724.00,7728.00,"Bulk batch generation row 615"
EMP1616,Paul,Walker,paul.walker.616@acmecorp.internal,"Engineering",AU,"Cloud Architect",active,2025-10-02,AUD,annual,159610.00,11336.00,0.00,0.00,"Bulk batch generation row 616"
EMP1617,Harper,Nelson,harper.nelson.617@acmecorp.internal,"Sales & Marketing",GB,"Sales Development Rep",active,2021-09-22,GBP,annual,133507.00,19365.00,13639.00,11562.00,"Bulk batch generation row 617"
EMP1618,Linda,Gonzalez,linda.gonzalez.618@acmecorp.internal,"Sales & Marketing",DE,"Head of Partnerships",active,2021-12-20,EUR,annual,116486.00,7068.00,26480.00,0.00,"Bulk batch generation row 618"
EMP1619,Betty,Lewis,betty.lewis.619@acmecorp.internal,"Sales & Marketing",IE,"Senior Account Executive",active,2023-08-04,EUR,annual,175007.00,17953.00,19405.00,0.00,"Bulk batch generation row 619"
EMP1620,Mateo,Young,mateo.young.620@acmecorp.internal,"Engineering",SG,"Principal Engineer",active,2023-04-28,SGD,annual,221588.00,36808.00,0.00,0.00,"Bulk batch generation row 620"
EMP1621,Carol,Martinez,carol.martinez.621@acmecorp.internal,"Engineering",GB,"Fullstack Engineer",active,2023-07-25,GBP,annual,112879.00,6423.00,0.00,14682.00,"Bulk batch generation row 621"
EMP1622,Kenneth,White,kenneth.white.622@acmecorp.internal,"Engineering",CA,"Site Reliability Engineer",active,2024-05-17,CAD,annual,97117.00,8999.00,0.00,0.00,"Bulk batch generation row 622"
EMP1623,Donald,Smith,donald.smith.623@acmecorp.internal,"Sales & Marketing",CA,"Account Executive",active,2022-12-16,CAD,annual,110057.00,10063.00,12892.00,0.00,"Bulk batch generation row 623"
EMP1624,Karen,Clark,karen.clark.624@acmecorp.internal,"Engineering",US,"QA Automation Engineer",on_leave,2023-11-07,USD,annual,97007.00,17023.00,0.00,12142.00,"Bulk batch generation row 624"
EMP1625,Michelle,Mitchell,michelle.mitchell.625@acmecorp.internal,"Engineering",FR,"Security Engineer",active,2021-01-04,EUR,annual,78370.00,13641.00,0.00,0.00,"Bulk batch generation row 625"
EMP1626,Ella,Smith,ella.smith.626@acmecorp.internal,"Engineering",GB,"DevOps Engineer",active,2022-02-23,GBP,annual,111333.00,12812.00,0.00,0.00,"Bulk batch generation row 626"
EMP1627,Jessica,Davis,jessica.davis.627@acmecorp.internal,"Sales & Marketing",NL,"Account Executive",active,2022-11-15,EUR,annual,107875.00,18874.00,25167.00,14654.00,"Bulk batch generation row 627"
EMP1628,Evelyn,Wright,evelyn.wright.628@acmecorp.internal,"Sales & Marketing",US,"Enterprise Account Exec",active,2021-04-26,USD,annual,85355.00,5470.00,17894.00,0.00,"Bulk batch generation row 628"
EMP1629,Evelyn,Flores,evelyn.flores.629@acmecorp.internal,"Sales & Marketing",IE,"Sales Development Rep",active,2022-08-26,EUR,annual,131266.00,19606.00,25406.00,8985.00,"Bulk batch generation row 629"
EMP1630,Michael,Moore,michael.moore.630@acmecorp.internal,"Engineering",US,"Senior Software Engineer",active,2022-07-26,USD,annual,185773.00,33461.00,0.00,0.00,"Bulk batch generation row 630"
EMP1631,Mateo,Robinson,mateo.robinson.631@acmecorp.internal,"Engineering",DE,"DevOps Engineer",active,2024-11-17,EUR,annual,148562.00,14547.00,0.00,0.00,"Bulk batch generation row 631"
EMP1632,John,Baker,john.baker.632@acmecorp.internal,"Engineering",SG,"QA Automation Engineer",active,2023-02-04,SGD,annual,132593.00,21412.00,0.00,6703.00,"Bulk batch generation row 632"
EMP1633,Alexander,Martin,alexander.martin.633@acmecorp.internal,"Engineering",NL,"Frontend Developer",active,2021-07-05,EUR,annual,121685.00,19524.00,0.00,0.00,"Bulk batch generation row 633"
EMP1634,Elijah,Green,elijah.green.634@acmecorp.internal,"Engineering",SG,"Cloud Architect",active,2025-02-19,SGD,annual,83197.00,16348.00,0.00,0.00,"Bulk batch generation row 634"
EMP1635,Camila,Thompson,camila.thompson.635@acmecorp.internal,"Engineering",CA,"Site Reliability Engineer",active,2023-11-12,CAD,annual,147785.00,16134.00,0.00,0.00,"Bulk batch generation row 635"
EMP1636,Michelle,Adams,michelle.adams.636@acmecorp.internal,"Engineering",NL,"Software Engineer",active,2025-05-26,EUR,annual,85635.00,13405.00,0.00,0.00,"Bulk batch generation row 636"
EMP1637,Lisa,White,lisa.white.637@acmecorp.internal,"Sales & Marketing",CA,"Senior Account Executive",active,2023-03-02,CAD,annual,111948.00,14128.00,18329.00,0.00,"Bulk batch generation row 637"
EMP1638,Michelle,Jackson,michelle.jackson.638@acmecorp.internal,"Engineering",SG,"Engineering Manager",active,2022-04-13,SGD,annual,80777.00,7927.00,0.00,10316.00,"Bulk batch generation row 638"
EMP1639,Nancy,Lopez,nancy.lopez.639@acmecorp.internal,"Sales & Marketing",NL,"VP of Global Sales",active,2025-03-21,EUR,annual,149269.00,24963.00,38595.00,10539.00,"Bulk batch generation row 639"
EMP1640,Paul,Adams,paul.adams.640@acmecorp.internal,"Engineering",CA,"Junior Software Engineer",terminated,2023-11-10,CAD,annual,92406.00,15387.00,0.00,9991.00,"Bulk batch generation row 640"
EMP1641,James,Scott,james.scott.641@acmecorp.internal,"Engineering",IE,"Senior Software Engineer",on_leave,2023-11-26,EUR,annual,137043.00,19739.00,0.00,0.00,"Bulk batch generation row 641"
EMP1642,Jack,Thomas,jack.thomas.642@acmecorp.internal,"Engineering",IE,"Site Reliability Engineer",active,2025-05-25,EUR,annual,141141.00,22775.00,0.00,0.00,"Bulk batch generation row 642"
EMP1643,Charlotte,Nelson,charlotte.nelson.643@acmecorp.internal,"Engineering",US,"Software Engineer",active,2023-09-16,USD,annual,132343.00,15261.00,0.00,0.00,"Bulk batch generation row 643"
EMP1644,Carol,Young,carol.young.644@acmecorp.internal,"Engineering",NL,"QA Automation Engineer",active,2024-03-12,EUR,annual,144253.00,28768.00,0.00,6720.00,"Bulk batch generation row 644"
EMP1645,Emily,Lopez,emily.lopez.645@acmecorp.internal,"Engineering",DE,"Backend Developer",active,2025-04-02,EUR,annual,137692.00,12267.00,0.00,13516.00,"Bulk batch generation row 645"
EMP1646,Sophia,Brown,sophia.brown.646@acmecorp.internal,"Engineering",NL,"DevOps Engineer",on_leave,2024-02-06,EUR,annual,122007.00,22416.00,0.00,0.00,"Bulk batch generation row 646"
EMP1647,Jackson,Jones,jackson.jones.647@acmecorp.internal,"Engineering",FR,"Data Engineer",active,2021-09-27,EUR,annual,78532.00,5974.00,0.00,0.00,"Bulk batch generation row 647"
EMP1648,Mark,Wilson,mark.wilson.648@acmecorp.internal,"Engineering",FR,"Junior Software Engineer",active,2022-09-26,EUR,annual,92838.00,13086.00,0.00,0.00,"Bulk batch generation row 648"
EMP1649,Ava,Wilson,ava.wilson.649@acmecorp.internal,"Engineering",DE,"Site Reliability Engineer",on_leave,2022-01-11,EUR,annual,94414.00,5383.00,0.00,13472.00,"Bulk batch generation row 649"
EMP1650,Elizabeth,King,elizabeth.king.650@acmecorp.internal,"Sales & Marketing",NL,"VP of Global Sales",active,2021-08-26,EUR,annual,157706.00,17255.00,20324.00,0.00,"Bulk batch generation row 650"
EMP1651,Joseph,Martinez,joseph.martinez.651@acmecorp.internal,"Sales & Marketing",DE,"Senior Account Executive",active,2024-08-08,EUR,annual,178936.00,18076.00,33888.00,0.00,"Bulk batch generation row 651"
EMP1652,Daniel,Rodriguez,daniel.rodriguez.652@acmecorp.internal,"Engineering",FR,"Cloud Architect",active,2022-01-26,EUR,annual,138191.00,18140.00,0.00,9253.00,"Bulk batch generation row 652"
EMP1653,Mark,Hernandez,mark.hernandez.653@acmecorp.internal,"Engineering",IE,"Backend Developer",active,2024-06-21,EUR,annual,145790.00,13969.00,0.00,10224.00,"Bulk batch generation row 653"
EMP1654,Benjamin,Johnson,benjamin.johnson.654@acmecorp.internal,"Engineering",AU,"QA Automation Engineer",active,2023-02-19,AUD,annual,143590.00,21972.00,0.00,8610.00,"Bulk batch generation row 654"
EMP1655,Lucas,Martin,lucas.martin.655@acmecorp.internal,"Sales & Marketing",US,"Inbound Sales Specialist",active,2022-07-27,USD,annual,148151.00,21481.00,25944.00,5771.00,"Bulk batch generation row 655"
EMP1656,Deborah,Wilson,deborah.wilson.656@acmecorp.internal,"Sales & Marketing",DE,"Marketing Operations Lead",active,2025-11-09,EUR,annual,144155.00,23060.00,19102.00,9126.00,"Bulk batch generation row 656"
EMP1657,Noah,Rodriguez,noah.rodriguez.657@acmecorp.internal,"Engineering",US,"Data Engineer",active,2025-11-17,USD,annual,151103.00,22571.00,0.00,0.00,"Bulk batch generation row 657"
EMP1658,Barbara,Clark,barbara.clark.658@acmecorp.internal,"Engineering",NL,"Backend Developer",active,2024-12-27,EUR,annual,89415.00,5917.00,0.00,0.00,"Bulk batch generation row 658"
EMP1659,Karen,Gonzalez,karen.gonzalez.659@acmecorp.internal,"Engineering",IE,"Data Engineer",active,2024-07-19,EUR,annual,143118.00,27433.00,0.00,0.00,"Bulk batch generation row 659"
EMP1660,Donna,Ramirez,donna.ramirez.660@acmecorp.internal,"Engineering",FR,"Engineering Manager",active,2025-04-23,EUR,annual,89400.00,15107.00,0.00,0.00,"Bulk batch generation row 660"
EMP1661,Susan,Martinez,susan.martinez.661@acmecorp.internal,"Engineering",DE,"Site Reliability Engineer",active,2025-10-05,EUR,annual,136491.00,13773.00,0.00,0.00,"Bulk batch generation row 661"
EMP1662,Matthew,Garcia,matthew.garcia.662@acmecorp.internal,"Sales & Marketing",SG,"Senior Account Executive",active,2025-11-21,SGD,annual,191476.00,31448.00,36604.00,0.00,"Bulk batch generation row 662"
EMP1663,William,Perez,william.perez.663@acmecorp.internal,"Engineering",AU,"QA Automation Engineer",active,2023-07-22,AUD,annual,159164.00,27038.00,0.00,9198.00,"Bulk batch generation row 663"
EMP1664,Mateo,Scott,mateo.scott.664@acmecorp.internal,"Engineering",GB,"Fullstack Engineer",active,2021-11-01,GBP,annual,137818.00,15083.00,0.00,0.00,"Bulk batch generation row 664"
EMP1665,Mary,Anderson,mary.anderson.665@acmecorp.internal,"Sales & Marketing",AU,"Account Executive",active,2023-10-03,AUD,annual,137807.00,22372.00,17982.00,0.00,"Bulk batch generation row 665"
EMP1666,Patricia,Nelson,patricia.nelson.666@acmecorp.internal,"Engineering",IE,"Security Engineer",active,2021-11-12,EUR,annual,104703.00,16768.00,0.00,9993.00,"Bulk batch generation row 666"
EMP1667,Robert,Rodriguez,robert.rodriguez.667@acmecorp.internal,"Engineering",CA,"Staff Engineer",active,2024-04-22,CAD,annual,179107.00,28737.00,0.00,12416.00,"Bulk batch generation row 667"
EMP1668,Margaret,Sanchez,margaret.sanchez.668@acmecorp.internal,"Engineering",NL,"Backend Developer",active,2023-10-15,EUR,annual,110929.00,17633.00,0.00,0.00,"Bulk batch generation row 668"
EMP1669,Jessica,Garcia,jessica.garcia.669@acmecorp.internal,"Engineering",SG,"Site Reliability Engineer",active,2024-12-21,SGD,annual,133264.00,21443.00,0.00,9666.00,"Bulk batch generation row 669"
EMP1670,Oliver,Robinson,oliver.robinson.670@acmecorp.internal,"Sales & Marketing",FR,"Senior Account Executive",active,2025-08-17,EUR,annual,171670.00,18908.00,38628.00,9058.00,"Bulk batch generation row 670"
EMP1671,Carol,Jones,carol.jones.671@acmecorp.internal,"Sales & Marketing",NL,"Customer Success Manager",active,2024-02-10,EUR,annual,149746.00,8629.00,35608.00,14253.00,"Bulk batch generation row 671"
EMP1672,John,Campbell,john.campbell.672@acmecorp.internal,"Sales & Marketing",US,"Product Marketing Manager",active,2023-11-26,USD,annual,131852.00,17030.00,14224.00,0.00,"Bulk batch generation row 672"
EMP1673,Jessica,Johnson,jessica.johnson.673@acmecorp.internal,"Engineering",GB,"Frontend Developer",active,2024-03-26,GBP,annual,135290.00,13310.00,0.00,13373.00,"Bulk batch generation row 673"
EMP1674,Benjamin,Ramirez,benjamin.ramirez.674@acmecorp.internal,"Engineering",AU,"Frontend Developer",active,2024-07-23,AUD,annual,153424.00,7722.00,0.00,14838.00,"Bulk batch generation row 674"
EMP1675,Emily,Young,emily.young.675@acmecorp.internal,"Engineering",AU,"Backend Developer",active,2025-03-24,AUD,annual,152966.00,9200.00,0.00,10669.00,"Bulk batch generation row 675"
EMP1676,William,Martinez,william.martinez.676@acmecorp.internal,"Sales & Marketing",DE,"Sales Development Rep",active,2022-05-06,EUR,annual,88708.00,5353.00,13543.00,0.00,"Bulk batch generation row 676"
EMP1677,Noah,Hall,noah.hall.677@acmecorp.internal,"Sales & Marketing",NL,"Head of Partnerships",active,2021-02-05,EUR,annual,83438.00,11965.00,8745.00,0.00,"Bulk batch generation row 677"
EMP1678,Lisa,Young,lisa.young.678@acmecorp.internal,"Engineering",NL,"Engineering Manager",active,2023-07-13,EUR,annual,79599.00,6498.00,0.00,8870.00,"Bulk batch generation row 678"
EMP1679,Daniel,Miller,daniel.miller.679@acmecorp.internal,"Sales & Marketing",AU,"Marketing Operations Lead",active,2024-01-05,AUD,annual,188286.00,11016.00,48810.00,0.00,"Bulk batch generation row 679"
EMP1680,Patricia,Nelson,patricia.nelson.680@acmecorp.internal,"Sales & Marketing",IE,"Sales Development Rep",active,2025-01-19,EUR,annual,158546.00,26833.00,18555.00,12004.00,"Bulk batch generation row 680"
EMP1681,Christopher,Anderson,christopher.anderson.681@acmecorp.internal,"Engineering",NL,"Fullstack Engineer",active,2023-07-18,EUR,annual,130755.00,16465.00,0.00,0.00,"Bulk batch generation row 681"
EMP1682,Donna,Garcia,donna.garcia.682@acmecorp.internal,"Engineering",SG,"Principal Engineer",active,2024-08-15,SGD,annual,219448.00,14686.00,0.00,0.00,"Bulk batch generation row 682"
EMP1683,Ella,Nelson,ella.nelson.683@acmecorp.internal,"Sales & Marketing",FR,"Senior Account Executive",active,2021-02-02,EUR,annual,129243.00,22164.00,25130.00,11684.00,"Bulk batch generation row 683"
EMP1684,Donna,Torres,donna.torres.684@acmecorp.internal,"Engineering",AU,"Fullstack Engineer",active,2021-01-06,AUD,annual,147295.00,14760.00,0.00,0.00,"Bulk batch generation row 684"
EMP1685,Andrew,Walker,andrew.walker.685@acmecorp.internal,"Engineering",SG,"QA Automation Engineer",active,2023-11-26,SGD,annual,131751.00,12916.00,0.00,13866.00,"Bulk batch generation row 685"
EMP1686,Ashley,Hill,ashley.hill.686@acmecorp.internal,"Sales & Marketing",FR,"Head of Partnerships",active,2021-10-17,EUR,annual,108616.00,11127.00,12527.00,12685.00,"Bulk batch generation row 686"
EMP1687,Steven,Walker,steven.walker.687@acmecorp.internal,"Sales & Marketing",NL,"Enterprise Account Exec",active,2024-09-03,EUR,annual,147405.00,13343.00,17463.00,11989.00,"Bulk batch generation row 687"
EMP1688,Theodore,Adams,theodore.adams.688@acmecorp.internal,"Engineering",AU,"Backend Developer",active,2023-08-01,AUD,annual,150627.00,29972.00,0.00,8435.00,"Bulk batch generation row 688"
EMP1689,Mateo,Carter,mateo.carter.689@acmecorp.internal,"Sales & Marketing",CA,"Head of Partnerships",active,2024-06-09,CAD,annual,99099.00,8704.00,22239.00,13565.00,"Bulk batch generation row 689"
EMP1690,Evelyn,Roberts,evelyn.roberts.690@acmecorp.internal,"Sales & Marketing",DE,"VP of Global Sales",active,2025-01-07,EUR,annual,225701.00,39362.00,33176.00,11943.00,"Bulk batch generation row 690"
EMP1691,Elizabeth,Lee,elizabeth.lee.691@acmecorp.internal,"Engineering",NL,"Software Engineer",active,2025-04-05,EUR,annual,147220.00,25569.00,0.00,9466.00,"Bulk batch generation row 691"
EMP1692,Daniel,Campbell,daniel.campbell.692@acmecorp.internal,"Sales & Marketing",DE,"Director of Sales",active,2022-02-01,EUR,annual,186248.00,20428.00,20300.00,0.00,"Bulk batch generation row 692"
EMP1693,James,King,james.king.693@acmecorp.internal,"Sales & Marketing",CA,"Director of Sales",active,2021-07-21,CAD,annual,214000.00,35379.00,35579.00,11724.00,"Bulk batch generation row 693"
EMP1694,Isabella,Moore,isabella.moore.694@acmecorp.internal,"Engineering",GB,"Cloud Architect",on_leave,2022-08-10,GBP,annual,87412.00,17198.00,0.00,0.00,"Bulk batch generation row 694"
EMP1695,Brian,Campbell,brian.campbell.695@acmecorp.internal,"Sales & Marketing",NL,"VP of Global Sales",active,2025-11-17,EUR,annual,146246.00,12541.00,40451.00,7449.00,"Bulk batch generation row 695"
EMP1696,Sarah,Lee,sarah.lee.696@acmecorp.internal,"Engineering",NL,"Senior Software Engineer",active,2022-09-12,EUR,annual,170575.00,21096.00,0.00,13591.00,"Bulk batch generation row 696"
EMP1697,Sandra,Young,sandra.young.697@acmecorp.internal,"Sales & Marketing",GB,"Growth Marketing Specialist",active,2022-07-11,GBP,annual,137329.00,7872.00,23451.00,12061.00,"Bulk batch generation row 697"
EMP1698,Daniel,Perez,daniel.perez.698@acmecorp.internal,"Sales & Marketing",DE,"Product Marketing Manager",active,2025-06-03,EUR,annual,112374.00,17148.00,24115.00,0.00,"Bulk batch generation row 698"
EMP1699,Camila,Anderson,camila.anderson.699@acmecorp.internal,"Sales & Marketing",SG,"Director of Sales",on_leave,2022-04-21,SGD,annual,180895.00,17222.00,43952.00,8615.00,"Bulk batch generation row 699"
EMP1700,George,Brown,george.brown.700@acmecorp.internal,"Engineering",US,"Software Engineer",active,2024-04-02,USD,annual,102288.00,6293.00,0.00,0.00,"Bulk batch generation row 700"
EMP1701,Charles,Baker,charles.baker.701@acmecorp.internal,"Engineering",US,"Senior Software Engineer",active,2023-06-23,USD,annual,132835.00,22586.00,0.00,9749.00,"Bulk batch generation row 701"
EMP1702,Sandra,Mitchell,sandra.mitchell.702@acmecorp.internal,"Engineering",IE,"Fullstack Engineer",active,2025-12-18,EUR,annual,122245.00,20456.00,0.00,13381.00,"Bulk batch generation row 702"
EMP1703,Theodore,Davis,theodore.davis.703@acmecorp.internal,"Engineering",DE,"Security Engineer",on_leave,2023-12-21,EUR,annual,158003.00,8944.00,0.00,7906.00,"Bulk batch generation row 703"
EMP1704,Emma,Nguyen,emma.nguyen.704@acmecorp.internal,"Sales & Marketing",US,"Inbound Sales Specialist",active,2025-07-15,USD,annual,135396.00,17219.00,30542.00,7159.00,"Bulk batch generation row 704"
EMP1705,Oliver,Mitchell,oliver.mitchell.705@acmecorp.internal,"Sales & Marketing",CA,"Senior Account Executive",active,2024-06-28,CAD,annual,157504.00,29807.00,28058.00,0.00,"Bulk batch generation row 705"
EMP1706,Robert,Wilson,robert.wilson.706@acmecorp.internal,"Engineering",CA,"Site Reliability Engineer",active,2024-04-01,CAD,annual,132626.00,13569.00,0.00,0.00,"Bulk batch generation row 706"
EMP1707,Olivia,Young,olivia.young.707@acmecorp.internal,"Engineering",DE,"Staff Engineer",active,2024-03-07,EUR,annual,212767.00,30216.00,0.00,0.00,"Bulk batch generation row 707"
EMP1708,Ashley,Perez,ashley.perez.708@acmecorp.internal,"Engineering",SG,"Fullstack Engineer",active,2024-05-09,SGD,annual,144053.00,27223.00,0.00,9508.00,"Bulk batch generation row 708"
EMP1709,Kevin,Flores,kevin.flores.709@acmecorp.internal,"Sales & Marketing",AU,"Customer Success Manager",active,2022-12-07,AUD,annual,94016.00,6387.00,21451.00,0.00,"Bulk batch generation row 709"
EMP1710,Theodore,Nguyen,theodore.nguyen.710@acmecorp.internal,"Sales & Marketing",US,"Growth Marketing Specialist",active,2024-08-07,USD,annual,122544.00,18558.00,17294.00,11191.00,"Bulk batch generation row 710"
EMP1711,Lucas,Martin,lucas.martin.711@acmecorp.internal,"Engineering",IE,"Site Reliability Engineer",active,2024-07-11,EUR,annual,131762.00,7700.00,0.00,9059.00,"Bulk batch generation row 711"
EMP1712,Susan,Hill,susan.hill.712@acmecorp.internal,"Sales & Marketing",CA,"Senior Account Executive",on_leave,2023-01-21,CAD,annual,128744.00,22086.00,37141.00,0.00,"Bulk batch generation row 712"
EMP1713,Amelia,Anderson,amelia.anderson.713@acmecorp.internal,"Engineering",GB,"Cloud Architect",active,2021-02-04,GBP,annual,148028.00,7615.00,0.00,9826.00,"Bulk batch generation row 713"
EMP1714,Ava,Ramirez,ava.ramirez.714@acmecorp.internal,"Engineering",NL,"DevOps Engineer",active,2025-12-17,EUR,annual,88444.00,5750.00,0.00,9482.00,"Bulk batch generation row 714"
EMP1715,John,King,john.king.715@acmecorp.internal,"Sales & Marketing",CA,"Sales Development Rep",active,2021-02-22,CAD,annual,158686.00,24670.00,37454.00,6418.00,"Bulk batch generation row 715"
EMP1716,Isabella,Martinez,isabella.martinez.716@acmecorp.internal,"Engineering",AU,"Staff Engineer",active,2024-05-17,AUD,annual,187684.00,10033.00,0.00,13525.00,"Bulk batch generation row 716"
EMP1717,Charlotte,Lopez,charlotte.lopez.717@acmecorp.internal,"Engineering",AU,"Senior Software Engineer",active,2021-06-27,AUD,annual,117437.00,9568.00,0.00,6725.00,"Bulk batch generation row 717"
EMP1718,Susan,Lewis,susan.lewis.718@acmecorp.internal,"Sales & Marketing",IE,"Account Executive",active,2024-03-20,EUR,annual,83803.00,15321.00,9955.00,0.00,"Bulk batch generation row 718"
EMP1719,James,Ramirez,james.ramirez.719@acmecorp.internal,"Engineering",CA,"QA Automation Engineer",active,2023-12-09,CAD,annual,90643.00,17696.00,0.00,0.00,"Bulk batch generation row 719"
EMP1720,Levi,Roberts,levi.roberts.720@acmecorp.internal,"Engineering",DE,"Software Engineer",on_leave,2021-12-14,EUR,annual,85571.00,15758.00,0.00,0.00,"Bulk batch generation row 720"
EMP1721,Amelia,Allen,amelia.allen.721@acmecorp.internal,"Engineering",IE,"Backend Developer",active,2023-04-23,EUR,annual,117686.00,19155.00,0.00,13952.00,"Bulk batch generation row 721"
EMP1722,Jackson,Taylor,jackson.taylor.722@acmecorp.internal,"Sales & Marketing",DE,"Customer Success Manager",active,2022-07-07,EUR,annual,143615.00,19868.00,18435.00,0.00,"Bulk batch generation row 722"
EMP1723,Henry,Hill,henry.hill.723@acmecorp.internal,"Engineering",US,"Software Engineer",on_leave,2022-11-14,USD,annual,84968.00,10009.00,0.00,14174.00,"Bulk batch generation row 723"
EMP1724,Noah,Williams,noah.williams.724@acmecorp.internal,"Sales & Marketing",NL,"Head of Partnerships",active,2023-01-19,EUR,annual,115529.00,17062.00,19721.00,0.00,"Bulk batch generation row 724"
EMP1725,Mark,Martinez,mark.martinez.725@acmecorp.internal,"Sales & Marketing",US,"Senior Account Executive",active,2024-02-03,USD,annual,163705.00,10858.00,23422.00,6036.00,"Bulk batch generation row 725"
EMP1726,Andrew,Green,andrew.green.726@acmecorp.internal,"Engineering",IE,"Fullstack Engineer",active,2025-11-24,EUR,annual,147084.00,9720.00,0.00,11974.00,"Bulk batch generation row 726"
EMP1727,Sophia,Nguyen,sophia.nguyen.727@acmecorp.internal,"Engineering",US,"DevOps Engineer",on_leave,2023-08-03,USD,annual,119661.00,18949.00,0.00,14819.00,"Bulk batch generation row 727"
EMP1728,Jack,Flores,jack.flores.728@acmecorp.internal,"Engineering",US,"Data Engineer",on_leave,2021-01-15,USD,annual,122962.00,6515.00,0.00,0.00,"Bulk batch generation row 728"
EMP1729,Richard,White,richard.white.729@acmecorp.internal,"Engineering",US,"Site Reliability Engineer",active,2022-07-18,USD,annual,120473.00,21097.00,0.00,0.00,"Bulk batch generation row 729"
EMP1730,Carol,Clark,carol.clark.730@acmecorp.internal,"Engineering",DE,"Security Engineer",active,2023-11-08,EUR,annual,94990.00,5410.00,0.00,10874.00,"Bulk batch generation row 730"
EMP1731,Olivia,Hernandez,olivia.hernandez.731@acmecorp.internal,"Engineering",NL,"Principal Engineer",on_leave,2024-02-13,EUR,annual,185926.00,19722.00,0.00,10119.00,"Bulk batch generation row 731"
EMP1732,Patricia,Wilson,patricia.wilson.732@acmecorp.internal,"Engineering",NL,"Security Engineer",active,2021-01-24,EUR,annual,152624.00,20183.00,0.00,0.00,"Bulk batch generation row 732"
EMP1733,Andrew,Jackson,andrew.jackson.733@acmecorp.internal,"Sales & Marketing",NL,"Product Marketing Manager",active,2025-03-04,EUR,annual,91396.00,12574.00,24981.00,0.00,"Bulk batch generation row 733"
EMP1734,Linda,Martinez,linda.martinez.734@acmecorp.internal,"Sales & Marketing",SG,"Enterprise Account Exec",active,2023-12-07,SGD,annual,128001.00,22574.00,13970.00,0.00,"Bulk batch generation row 734"
EMP1735,Donna,Ramirez,donna.ramirez.735@acmecorp.internal,"Engineering",US,"Engineering Manager",active,2021-09-14,USD,annual,144148.00,7521.00,0.00,0.00,"Bulk batch generation row 735"
EMP1736,Olivia,Young,olivia.young.736@acmecorp.internal,"Engineering",GB,"Senior Software Engineer",active,2022-09-18,GBP,annual,179517.00,22459.00,0.00,0.00,"Bulk batch generation row 736"
EMP1737,Jessica,Brown,jessica.brown.737@acmecorp.internal,"Engineering",US,"DevOps Engineer",active,2022-07-03,USD,annual,140824.00,16032.00,0.00,11436.00,"Bulk batch generation row 737"
EMP1738,Linda,Davis,linda.davis.738@acmecorp.internal,"Sales & Marketing",CA,"Account Executive",active,2022-07-04,CAD,annual,111187.00,9371.00,13178.00,10485.00,"Bulk batch generation row 738"
EMP1739,Barbara,Jones,barbara.jones.739@acmecorp.internal,"Engineering",DE,"DevOps Engineer",active,2024-02-25,EUR,annual,90136.00,6182.00,0.00,8066.00,"Bulk batch generation row 739"
EMP1740,Deborah,Baker,deborah.baker.740@acmecorp.internal,"Sales & Marketing",FR,"Customer Success Manager",active,2023-09-05,EUR,annual,146761.00,22650.00,32644.00,7015.00,"Bulk batch generation row 740"
EMP1741,Mia,Martin,mia.martin.741@acmecorp.internal,"Engineering",IE,"Frontend Developer",active,2021-11-21,EUR,annual,125555.00,12154.00,0.00,0.00,"Bulk batch generation row 741"
EMP1742,Edward,Walker,edward.walker.742@acmecorp.internal,"Sales & Marketing",CA,"Growth Marketing Specialist",active,2025-10-15,CAD,annual,79198.00,10884.00,12569.00,0.00,"Bulk batch generation row 742"
EMP1743,Joseph,King,joseph.king.743@acmecorp.internal,"Engineering",GB,"Junior Software Engineer",active,2025-10-01,GBP,annual,149556.00,27426.00,0.00,10418.00,"Bulk batch generation row 743"
EMP1744,Henry,Martin,henry.martin.744@acmecorp.internal,"Sales & Marketing",SG,"Senior Account Executive",active,2021-07-24,SGD,annual,114085.00,12486.00,27443.00,0.00,"Bulk batch generation row 744"
EMP1745,Stephanie,Robinson,stephanie.robinson.745@acmecorp.internal,"Engineering",GB,"Cloud Architect",on_leave,2024-11-01,GBP,annual,110444.00,14892.00,0.00,0.00,"Bulk batch generation row 745"
EMP1746,Luna,Carter,luna.carter.746@acmecorp.internal,"Sales & Marketing",NL,"Customer Success Manager",active,2022-10-27,EUR,annual,146179.00,21973.00,17874.00,0.00,"Bulk batch generation row 746"
EMP1747,Liam,Gonzalez,liam.gonzalez.747@acmecorp.internal,"Engineering",IE,"Junior Software Engineer",active,2021-12-01,EUR,annual,97490.00,12375.00,0.00,13665.00,"Bulk batch generation row 747"
EMP1748,Thomas,Moore,thomas.moore.748@acmecorp.internal,"Engineering",NL,"Security Engineer",active,2021-11-14,EUR,annual,132795.00,23161.00,0.00,0.00,"Bulk batch generation row 748"
EMP1749,Jackson,Smith,jackson.smith.749@acmecorp.internal,"Engineering",GB,"Fullstack Engineer",active,2022-08-02,GBP,annual,151027.00,9428.00,0.00,7289.00,"Bulk batch generation row 749"
EMP1750,Brian,Thomas,brian.thomas.750@acmecorp.internal,"Engineering",FR,"Engineering Manager",active,2021-05-20,EUR,annual,123285.00,24609.00,0.00,0.00,"Bulk batch generation row 750"
EMP1751,Charles,Walker,charles.walker.751@acmecorp.internal,"Engineering",NL,"Security Engineer",active,2023-11-13,EUR,annual,91390.00,10446.00,0.00,7749.00,"Bulk batch generation row 751"
EMP1752,Barbara,Wright,barbara.wright.752@acmecorp.internal,"Engineering",CA,"Engineering Manager",active,2022-09-21,CAD,annual,110535.00,7044.00,0.00,0.00,"Bulk batch generation row 752"
EMP1753,Carol,Thomas,carol.thomas.753@acmecorp.internal,"Sales & Marketing",IE,"VP of Global Sales",active,2024-05-10,EUR,annual,184210.00,20269.00,26577.00,11085.00,"Bulk batch generation row 753"
EMP1754,Betty,Martinez,betty.martinez.754@acmecorp.internal,"Engineering",CA,"Engineering Manager",active,2023-04-14,CAD,annual,136046.00,22937.00,0.00,13051.00,"Bulk batch generation row 754"
EMP1755,Susan,Carter,susan.carter.755@acmecorp.internal,"Sales & Marketing",US,"Product Marketing Manager",active,2022-07-07,USD,annual,135534.00,20505.00,19917.00,0.00,"Bulk batch generation row 755"
EMP1756,Liam,Johnson,liam.johnson.756@acmecorp.internal,"Engineering",CA,"DevOps Engineer",active,2025-04-06,CAD,annual,127332.00,6764.00,0.00,0.00,"Bulk batch generation row 756"
EMP1757,Anthony,Martinez,anthony.martinez.757@acmecorp.internal,"Sales & Marketing",FR,"Marketing Operations Lead",active,2022-08-24,EUR,annual,139401.00,18117.00,28556.00,11990.00,"Bulk batch generation row 757"
EMP1758,Charlotte,Garcia,charlotte.garcia.758@acmecorp.internal,"Sales & Marketing",NL,"Inbound Sales Specialist",active,2021-12-15,EUR,annual,93632.00,13719.00,14725.00,0.00,"Bulk batch generation row 758"
EMP1759,Liam,Smith,liam.smith.759@acmecorp.internal,"Engineering",CA,"QA Automation Engineer",active,2023-08-21,CAD,annual,116544.00,21640.00,0.00,5986.00,"Bulk batch generation row 759"
EMP1760,Steven,Martinez,steven.martinez.760@acmecorp.internal,"Engineering",DE,"Junior Software Engineer",on_leave,2024-05-08,EUR,annual,96385.00,8564.00,0.00,0.00,"Bulk batch generation row 760"
EMP1761,William,Thompson,william.thompson.761@acmecorp.internal,"Sales & Marketing",SG,"Enterprise Account Exec",active,2022-07-02,SGD,annual,131677.00,18670.00,19867.00,10017.00,"Bulk batch generation row 761"
EMP1762,Lisa,Rodriguez,lisa.rodriguez.762@acmecorp.internal,"Sales & Marketing",DE,"Senior Account Executive",active,2022-05-17,EUR,annual,162384.00,9785.00,16448.00,0.00,"Bulk batch generation row 762"
EMP1763,Melissa,Wilson,melissa.wilson.763@acmecorp.internal,"Engineering",CA,"Backend Developer",active,2022-07-09,CAD,annual,103967.00,14544.00,0.00,0.00,"Bulk batch generation row 763"
EMP1764,Donald,Martinez,donald.martinez.764@acmecorp.internal,"Sales & Marketing",GB,"Head of Partnerships",active,2023-09-26,GBP,annual,141684.00,26022.00,23140.00,0.00,"Bulk batch generation row 764"
EMP1765,Ashley,Moore,ashley.moore.765@acmecorp.internal,"Engineering",GB,"Engineering Manager",active,2024-04-03,GBP,annual,154408.00,21994.00,0.00,7629.00,"Bulk batch generation row 765"
EMP1766,Michelle,Rivera,michelle.rivera.766@acmecorp.internal,"Engineering",GB,"Senior Software Engineer",active,2021-10-26,GBP,annual,161979.00,16011.00,0.00,5215.00,"Bulk batch generation row 766"
EMP1767,Matthew,Clark,matthew.clark.767@acmecorp.internal,"Engineering",SG,"Site Reliability Engineer",active,2022-09-04,SGD,annual,123914.00,13961.00,0.00,14453.00,"Bulk batch generation row 767"
EMP1768,James,White,james.white.768@acmecorp.internal,"Sales & Marketing",AU,"Director of Sales",terminated,2024-07-23,AUD,annual,213516.00,35124.00,44823.00,6099.00,"Bulk batch generation row 768"
EMP1769,James,Allen,james.allen.769@acmecorp.internal,"Sales & Marketing",DE,"Customer Success Manager",active,2024-08-26,EUR,annual,94799.00,9980.00,22674.00,0.00,"Bulk batch generation row 769"
EMP1770,Emily,Scott,emily.scott.770@acmecorp.internal,"Engineering",SG,"Data Engineer",active,2022-03-05,SGD,annual,98623.00,16662.00,0.00,0.00,"Bulk batch generation row 770"
EMP1771,Paul,Harris,paul.harris.771@acmecorp.internal,"Sales & Marketing",FR,"Product Marketing Manager",active,2021-09-09,EUR,annual,153861.00,11554.00,28235.00,0.00,"Bulk batch generation row 771"
EMP1772,Jennifer,Torres,jennifer.torres.772@acmecorp.internal,"Engineering",IE,"Backend Developer",active,2021-07-15,EUR,annual,98778.00,13819.00,0.00,0.00,"Bulk batch generation row 772"
EMP1773,Stephanie,Jones,stephanie.jones.773@acmecorp.internal,"Engineering",US,"Junior Software Engineer",active,2022-12-25,USD,annual,142120.00,13570.00,0.00,9105.00,"Bulk batch generation row 773"
EMP1774,Kenneth,Sanchez,kenneth.sanchez.774@acmecorp.internal,"Sales & Marketing",NL,"Growth Marketing Specialist",active,2025-07-11,EUR,annual,138561.00,12666.00,17547.00,11440.00,"Bulk batch generation row 774"
EMP1775,Emily,Hernandez,emily.hernandez.775@acmecorp.internal,"Engineering",DE,"Site Reliability Engineer",active,2022-01-22,EUR,annual,82087.00,10948.00,0.00,0.00,"Bulk batch generation row 775"
EMP1776,Melissa,Ramirez,melissa.ramirez.776@acmecorp.internal,"Engineering",FR,"Principal Engineer",active,2022-04-19,EUR,annual,174067.00,13445.00,0.00,0.00,"Bulk batch generation row 776"
EMP1777,Gianna,Harris,gianna.harris.777@acmecorp.internal,"Sales & Marketing",AU,"Marketing Operations Lead",active,2021-10-18,AUD,annual,184317.00,30142.00,20185.00,0.00,"Bulk batch generation row 777"
EMP1778,Edward,Smith,edward.smith.778@acmecorp.internal,"Engineering",FR,"Data Engineer",active,2021-09-04,EUR,annual,107994.00,16468.00,0.00,0.00,"Bulk batch generation row 778"
EMP1779,Amanda,Davis,amanda.davis.779@acmecorp.internal,"Sales & Marketing",CA,"Enterprise Account Exec",active,2024-06-21,CAD,annual,107727.00,15805.00,22177.00,0.00,"Bulk batch generation row 779"
EMP1780,Ella,Lopez,ella.lopez.780@acmecorp.internal,"Engineering",NL,"Security Engineer",active,2025-02-16,EUR,annual,117468.00,23286.00,0.00,10086.00,"Bulk batch generation row 780"
EMP1781,Carol,Gonzalez,carol.gonzalez.781@acmecorp.internal,"Engineering",AU,"Staff Engineer",active,2024-08-13,AUD,annual,150982.00,23773.00,0.00,11347.00,"Bulk batch generation row 781"
EMP1782,Sandra,Williams,sandra.williams.782@acmecorp.internal,"Engineering",SG,"Frontend Developer",active,2022-09-10,SGD,annual,123334.00,8885.00,0.00,9140.00,"Bulk batch generation row 782"
EMP1783,Donna,Lopez,donna.lopez.783@acmecorp.internal,"Engineering",FR,"Software Engineer",active,2023-08-18,EUR,annual,142829.00,17741.00,0.00,14307.00,"Bulk batch generation row 783"
EMP1784,Olivia,White,olivia.white.784@acmecorp.internal,"Engineering",FR,"Principal Engineer",active,2025-07-11,EUR,annual,225808.00,15974.00,0.00,5587.00,"Bulk batch generation row 784"
EMP1785,William,Rivera,william.rivera.785@acmecorp.internal,"Engineering",AU,"Principal Engineer",active,2023-01-04,AUD,annual,221335.00,22934.00,0.00,0.00,"Bulk batch generation row 785"
EMP1786,John,Martinez,john.martinez.786@acmecorp.internal,"Engineering",US,"Junior Software Engineer",active,2023-12-19,USD,annual,134563.00,25511.00,0.00,12620.00,"Bulk batch generation row 786"
EMP1787,Sandra,Hill,sandra.hill.787@acmecorp.internal,"Engineering",US,"Site Reliability Engineer",active,2021-01-14,USD,annual,101618.00,17558.00,0.00,14909.00,"Bulk batch generation row 787"
EMP1788,Theodore,Torres,theodore.torres.788@acmecorp.internal,"Sales & Marketing",IE,"Director of Sales",active,2021-07-18,EUR,annual,205974.00,37024.00,50863.00,0.00,"Bulk batch generation row 788"
EMP1789,Isabella,Williams,isabella.williams.789@acmecorp.internal,"Sales & Marketing",CA,"Director of Sales",active,2024-05-21,CAD,annual,158160.00,11608.00,35093.00,5188.00,"Bulk batch generation row 789"
EMP1790,Charles,Clark,charles.clark.790@acmecorp.internal,"Engineering",NL,"Engineering Manager",active,2024-05-20,EUR,annual,88366.00,17564.00,0.00,0.00,"Bulk batch generation row 790"
EMP1791,Evelyn,Jones,evelyn.jones.791@acmecorp.internal,"Sales & Marketing",AU,"VP of Global Sales",active,2022-12-15,AUD,annual,223393.00,31008.00,60982.00,0.00,"Bulk batch generation row 791"
EMP1792,Robert,Adams,robert.adams.792@acmecorp.internal,"Engineering",FR,"Fullstack Engineer",active,2025-10-17,EUR,annual,98621.00,16362.00,0.00,5275.00,"Bulk batch generation row 792"
EMP1793,Mia,Williams,mia.williams.793@acmecorp.internal,"Engineering",SG,"Frontend Developer",active,2024-11-02,SGD,annual,103717.00,9745.00,0.00,7755.00,"Bulk batch generation row 793"
EMP1794,Jessica,Davis,jessica.davis.794@acmecorp.internal,"Sales & Marketing",NL,"Product Marketing Manager",active,2022-10-06,EUR,annual,83693.00,4413.00,10513.00,0.00,"Bulk batch generation row 794"
EMP1795,James,Young,james.young.795@acmecorp.internal,"Sales & Marketing",DE,"Account Executive",active,2022-07-17,EUR,annual,127408.00,10650.00,36863.00,0.00,"Bulk batch generation row 795"
EMP1796,Sophia,Walker,sophia.walker.796@acmecorp.internal,"Engineering",US,"Staff Engineer",active,2025-01-24,USD,annual,202492.00,12057.00,0.00,0.00,"Bulk batch generation row 796"
EMP1797,Sarah,Green,sarah.green.797@acmecorp.internal,"Engineering",GB,"DevOps Engineer",active,2023-06-18,GBP,annual,122007.00,17003.00,0.00,10307.00,"Bulk batch generation row 797"
EMP1798,Donna,Sanchez,donna.sanchez.798@acmecorp.internal,"Engineering",IE,"Engineering Manager",active,2025-12-09,EUR,annual,124076.00,6940.00,0.00,13904.00,"Bulk batch generation row 798"
EMP1799,Elijah,Brown,elijah.brown.799@acmecorp.internal,"Engineering",CA,"Frontend Developer",active,2021-09-08,CAD,annual,93354.00,15159.00,0.00,0.00,"Bulk batch generation row 799"
EMP1800,Kimberly,Harris,kimberly.harris.800@acmecorp.internal,"Sales & Marketing",FR,"Account Executive",active,2022-02-15,EUR,annual,134942.00,19452.00,32923.00,0.00,"Bulk batch generation row 800"
EMP1801,Kimberly,Johnson,kimberly.johnson.801@acmecorp.internal,"Engineering",GB,"Software Engineer",active,2024-05-25,GBP,annual,75460.00,11611.00,0.00,0.00,"Bulk batch generation row 801"
EMP1802,Andrew,Flores,andrew.flores.802@acmecorp.internal,"Sales & Marketing",AU,"Product Marketing Manager",terminated,2022-06-22,AUD,annual,123072.00,24078.00,23716.00,9759.00,"Bulk batch generation row 802"
EMP1803,Donald,Taylor,donald.taylor.803@acmecorp.internal,"Engineering",NL,"Principal Engineer",active,2024-06-12,EUR,annual,196100.00,17871.00,0.00,0.00,"Bulk batch generation row 803"
EMP1804,Karen,Jones,karen.jones.804@acmecorp.internal,"Engineering",IE,"DevOps Engineer",active,2021-09-24,EUR,annual,159059.00,23846.00,0.00,7049.00,"Bulk batch generation row 804"
EMP1805,Amanda,Nelson,amanda.nelson.805@acmecorp.internal,"Engineering",NL,"Frontend Developer",active,2022-06-04,EUR,annual,114451.00,15011.00,0.00,13094.00,"Bulk batch generation row 805"
EMP1806,Lucas,Hall,lucas.hall.806@acmecorp.internal,"Sales & Marketing",DE,"Sales Development Rep",active,2022-05-21,EUR,annual,158096.00,15823.00,37138.00,11472.00,"Bulk batch generation row 806"
EMP1807,Edward,Hernandez,edward.hernandez.807@acmecorp.internal,"Engineering",NL,"Engineering Manager",active,2022-05-23,EUR,annual,100247.00,19725.00,0.00,0.00,"Bulk batch generation row 807"
EMP1808,Michael,Nguyen,michael.nguyen.808@acmecorp.internal,"Engineering",IE,"Principal Engineer",active,2023-04-08,EUR,annual,156319.00,19243.00,0.00,0.00,"Bulk batch generation row 808"
EMP1809,Sophia,Martinez,sophia.martinez.809@acmecorp.internal,"Engineering",AU,"DevOps Engineer",active,2021-12-18,AUD,annual,107271.00,18075.00,0.00,0.00,"Bulk batch generation row 809"
EMP1810,Sophia,Carter,sophia.carter.810@acmecorp.internal,"Engineering",US,"Site Reliability Engineer",active,2025-08-08,USD,annual,129888.00,25390.00,0.00,0.00,"Bulk batch generation row 810"
EMP1811,Lisa,Garcia,lisa.garcia.811@acmecorp.internal,"Sales & Marketing",FR,"Director of Sales",active,2025-06-14,EUR,annual,212847.00,27346.00,59521.00,0.00,"Bulk batch generation row 811"
EMP1812,Christopher,Lewis,christopher.lewis.812@acmecorp.internal,"Sales & Marketing",AU,"Senior Account Executive",active,2023-07-22,AUD,annual,192907.00,32960.00,55353.00,0.00,"Bulk batch generation row 812"
EMP1813,Isabella,Lewis,isabella.lewis.813@acmecorp.internal,"Sales & Marketing",AU,"Senior Account Executive",active,2024-02-25,AUD,annual,137421.00,12416.00,36888.00,5793.00,"Bulk batch generation row 813"
EMP1814,Brian,Davis,brian.davis.814@acmecorp.internal,"Engineering",NL,"DevOps Engineer",active,2023-07-26,EUR,annual,136818.00,23376.00,0.00,0.00,"Bulk batch generation row 814"
EMP1815,Stephanie,Clark,stephanie.clark.815@acmecorp.internal,"Sales & Marketing",FR,"Senior Account Executive",active,2024-02-24,EUR,annual,175123.00,14233.00,49509.00,14908.00,"Bulk batch generation row 815"
EMP1816,Karen,Smith,karen.smith.816@acmecorp.internal,"Engineering",SG,"Senior Software Engineer",active,2021-01-02,SGD,annual,148845.00,17075.00,0.00,0.00,"Bulk batch generation row 816"
EMP1817,Amanda,Clark,amanda.clark.817@acmecorp.internal,"Engineering",FR,"Principal Engineer",active,2025-04-22,EUR,annual,209893.00,16949.00,0.00,9123.00,"Bulk batch generation row 817"
EMP1818,Oliver,Clark,oliver.clark.818@acmecorp.internal,"Sales & Marketing",GB,"Account Executive",active,2023-03-25,GBP,annual,132851.00,14133.00,33912.00,0.00,"Bulk batch generation row 818"
EMP1819,Steven,Martinez,steven.martinez.819@acmecorp.internal,"Sales & Marketing",CA,"Marketing Operations Lead",active,2024-05-07,CAD,annual,181107.00,24082.00,33476.00,0.00,"Bulk batch generation row 819"
EMP1820,Anthony,Lewis,anthony.lewis.820@acmecorp.internal,"Sales & Marketing",CA,"Director of Sales",active,2024-09-25,CAD,annual,182544.00,25301.00,20627.00,5471.00,"Bulk batch generation row 820"
EMP1821,Ava,Smith,ava.smith.821@acmecorp.internal,"Engineering",FR,"Security Engineer",active,2022-06-19,EUR,annual,91710.00,16728.00,0.00,0.00,"Bulk batch generation row 821"
EMP1822,Paul,Ramirez,paul.ramirez.822@acmecorp.internal,"Sales & Marketing",SG,"Product Marketing Manager",active,2023-09-07,SGD,annual,153962.00,13297.00,29783.00,0.00,"Bulk batch generation row 822"
EMP1823,Jennifer,Hernandez,jennifer.hernandez.823@acmecorp.internal,"Sales & Marketing",AU,"Head of Partnerships",on_leave,2025-05-23,AUD,annual,103958.00,11312.00,25277.00,0.00,"Bulk batch generation row 823"
EMP1824,William,Davis,william.davis.824@acmecorp.internal,"Engineering",CA,"Security Engineer",active,2025-01-28,CAD,annual,153793.00,10704.00,0.00,12752.00,"Bulk batch generation row 824"
EMP1825,Levi,Thomas,levi.thomas.825@acmecorp.internal,"Sales & Marketing",GB,"Head of Partnerships",active,2024-11-28,GBP,annual,109283.00,9165.00,22611.00,13905.00,"Bulk batch generation row 825"
EMP1826,William,Jackson,william.jackson.826@acmecorp.internal,"Engineering",CA,"Backend Developer",active,2021-10-11,CAD,annual,115117.00,17883.00,0.00,0.00,"Bulk batch generation row 826"
EMP1827,Henry,Rivera,henry.rivera.827@acmecorp.internal,"Sales & Marketing",FR,"Director of Sales",active,2021-11-25,EUR,annual,146893.00,14938.00,32785.00,13243.00,"Bulk batch generation row 827"
EMP1828,George,Mitchell,george.mitchell.828@acmecorp.internal,"Engineering",IE,"Site Reliability Engineer",active,2024-03-27,EUR,annual,151111.00,26885.00,0.00,0.00,"Bulk batch generation row 828"
EMP1829,Liam,Scott,liam.scott.829@acmecorp.internal,"Sales & Marketing",GB,"Senior Account Executive",active,2021-04-17,GBP,annual,187731.00,26745.00,44901.00,10758.00,"Bulk batch generation row 829"
EMP1830,George,Clark,george.clark.830@acmecorp.internal,"Sales & Marketing",CA,"Inbound Sales Specialist",active,2021-02-28,CAD,annual,120779.00,13246.00,29068.00,0.00,"Bulk batch generation row 830"
EMP1831,William,Mitchell,william.mitchell.831@acmecorp.internal,"Sales & Marketing",GB,"Head of Partnerships",active,2025-04-18,GBP,annual,75845.00,14107.00,20144.00,0.00,"Bulk batch generation row 831"
EMP1832,Jack,White,jack.white.832@acmecorp.internal,"Sales & Marketing",AU,"Product Marketing Manager",active,2024-05-28,AUD,annual,149567.00,15800.00,41319.00,13999.00,"Bulk batch generation row 832"
EMP1833,Luna,Carter,luna.carter.833@acmecorp.internal,"Engineering",AU,"Engineering Manager",active,2025-06-01,AUD,annual,106579.00,9077.00,0.00,0.00,"Bulk batch generation row 833"
EMP1834,Mark,White,mark.white.834@acmecorp.internal,"Engineering",DE,"QA Automation Engineer",active,2024-01-24,EUR,annual,112658.00,13784.00,0.00,13341.00,"Bulk batch generation row 834"
EMP1835,Robert,Nguyen,robert.nguyen.835@acmecorp.internal,"Engineering",AU,"QA Automation Engineer",active,2023-03-10,AUD,annual,111555.00,18396.00,0.00,0.00,"Bulk batch generation row 835"
EMP1836,Ava,Gonzalez,ava.gonzalez.836@acmecorp.internal,"Engineering",NL,"Principal Engineer",active,2022-05-10,EUR,annual,210125.00,21066.00,0.00,6654.00,"Bulk batch generation row 836"
EMP1837,Emily,Lewis,emily.lewis.837@acmecorp.internal,"Engineering",IE,"Fullstack Engineer",active,2024-01-19,EUR,annual,89815.00,8372.00,0.00,0.00,"Bulk batch generation row 837"
EMP1838,Carol,Walker,carol.walker.838@acmecorp.internal,"Sales & Marketing",GB,"Enterprise Account Exec",active,2024-01-17,GBP,annual,130879.00,20853.00,19095.00,6058.00,"Bulk batch generation row 838"
EMP1839,Benjamin,Martinez,benjamin.martinez.839@acmecorp.internal,"Sales & Marketing",US,"Inbound Sales Specialist",active,2021-06-21,USD,annual,90425.00,9054.00,24587.00,5307.00,"Bulk batch generation row 839"
EMP1840,George,Allen,george.allen.840@acmecorp.internal,"Engineering",GB,"Data Engineer",active,2025-04-06,GBP,annual,109230.00,13630.00,0.00,0.00,"Bulk batch generation row 840"
EMP1841,Matthew,Nguyen,matthew.nguyen.841@acmecorp.internal,"Engineering",NL,"Security Engineer",active,2024-08-25,EUR,annual,132962.00,24304.00,0.00,11890.00,"Bulk batch generation row 841"
EMP1842,Gianna,Lee,gianna.lee.842@acmecorp.internal,"Sales & Marketing",NL,"Enterprise Account Exec",active,2022-12-28,EUR,annual,130143.00,13277.00,20412.00,7079.00,"Bulk batch generation row 842"
EMP1843,Susan,Campbell,susan.campbell.843@acmecorp.internal,"Engineering",IE,"Security Engineer",active,2024-06-03,EUR,annual,88247.00,4606.00,0.00,5068.00,"Bulk batch generation row 843"
EMP1844,Ella,Moore,ella.moore.844@acmecorp.internal,"Sales & Marketing",GB,"Growth Marketing Specialist",active,2021-09-14,GBP,annual,111627.00,14055.00,18526.00,8281.00,"Bulk batch generation row 844"
EMP1845,Nancy,King,nancy.king.845@acmecorp.internal,"Sales & Marketing",FR,"Senior Account Executive",active,2024-02-08,EUR,annual,150943.00,24431.00,44128.00,0.00,"Bulk batch generation row 845"
EMP1846,Theodore,Martinez,theodore.martinez.846@acmecorp.internal,"Sales & Marketing",FR,"Head of Partnerships",active,2025-06-27,EUR,annual,107435.00,16788.00,22661.00,0.00,"Bulk batch generation row 846"
EMP1847,Robert,Campbell,robert.campbell.847@acmecorp.internal,"Sales & Marketing",GB,"Account Executive",active,2024-06-18,GBP,annual,130825.00,16405.00,29937.00,7245.00,"Bulk batch generation row 847"
EMP1848,Donna,Hernandez,donna.hernandez.848@acmecorp.internal,"Sales & Marketing",CA,"Director of Sales",active,2024-07-02,CAD,annual,178907.00,30304.00,52693.00,14399.00,"Bulk batch generation row 848"
EMP1849,Liam,Perez,liam.perez.849@acmecorp.internal,"Engineering",US,"Engineering Manager",active,2024-06-23,USD,annual,105092.00,19787.00,0.00,11130.00,"Bulk batch generation row 849"
EMP1850,Thomas,Clark,thomas.clark.850@acmecorp.internal,"Engineering",IE,"Security Engineer",active,2025-08-16,EUR,annual,100979.00,18430.00,0.00,0.00,"Bulk batch generation row 850"
EMP1851,Mia,Moore,mia.moore.851@acmecorp.internal,"Sales & Marketing",SG,"Account Executive",active,2025-09-09,SGD,annual,93404.00,16338.00,20904.00,8035.00,"Bulk batch generation row 851"
EMP1852,Matthew,Walker,matthew.walker.852@acmecorp.internal,"Sales & Marketing",CA,"Inbound Sales Specialist",active,2022-12-01,CAD,annual,114604.00,13609.00,19618.00,0.00,"Bulk batch generation row 852"
EMP1853,John,Smith,john.smith.853@acmecorp.internal,"Sales & Marketing",GB,"Growth Marketing Specialist",active,2024-11-23,GBP,annual,141184.00,10281.00,39699.00,10999.00,"Bulk batch generation row 853"
EMP1854,Luna,Flores,luna.flores.854@acmecorp.internal,"Engineering",DE,"Site Reliability Engineer",active,2024-11-27,EUR,annual,128366.00,25562.00,0.00,0.00,"Bulk batch generation row 854"
EMP1855,Donna,Sanchez,donna.sanchez.855@acmecorp.internal,"Engineering",SG,"Engineering Manager",active,2023-12-26,SGD,annual,112682.00,8998.00,0.00,11085.00,"Bulk batch generation row 855"
EMP1856,Matthew,Perez,matthew.perez.856@acmecorp.internal,"Sales & Marketing",SG,"Account Executive",active,2023-09-04,SGD,annual,141909.00,9353.00,38295.00,0.00,"Bulk batch generation row 856"
EMP1857,Melissa,Lee,melissa.lee.857@acmecorp.internal,"Engineering",CA,"QA Automation Engineer",on_leave,2021-06-02,CAD,annual,95501.00,6641.00,0.00,8008.00,"Bulk batch generation row 857"
EMP1858,Stephanie,Gonzalez,stephanie.gonzalez.858@acmecorp.internal,"Engineering",CA,"QA Automation Engineer",active,2025-09-18,CAD,annual,107119.00,8673.00,0.00,0.00,"Bulk batch generation row 858"
EMP1859,William,Mitchell,william.mitchell.859@acmecorp.internal,"Engineering",DE,"Backend Developer",active,2024-09-21,EUR,annual,134603.00,21496.00,0.00,0.00,"Bulk batch generation row 859"
EMP1860,Matthew,Nelson,matthew.nelson.860@acmecorp.internal,"Engineering",IE,"Software Engineer",active,2024-12-12,EUR,annual,154650.00,26451.00,0.00,0.00,"Bulk batch generation row 860"
EMP1861,Carol,Rodriguez,carol.rodriguez.861@acmecorp.internal,"Engineering",IE,"Data Engineer",active,2023-09-27,EUR,annual,88469.00,9352.00,0.00,11667.00,"Bulk batch generation row 861"
EMP1862,Abigail,Rodriguez,abigail.rodriguez.862@acmecorp.internal,"Engineering",SG,"Frontend Developer",active,2021-04-20,SGD,annual,147907.00,28681.00,0.00,0.00,"Bulk batch generation row 862"
EMP1863,Anthony,Baker,anthony.baker.863@acmecorp.internal,"Engineering",CA,"Site Reliability Engineer",active,2023-10-08,CAD,annual,144367.00,11257.00,0.00,0.00,"Bulk batch generation row 863"
EMP1864,Henry,King,henry.king.864@acmecorp.internal,"Sales & Marketing",AU,"Enterprise Account Exec",active,2023-02-15,AUD,annual,83991.00,8404.00,19404.00,11508.00,"Bulk batch generation row 864"
EMP1865,Karen,Sanchez,karen.sanchez.865@acmecorp.internal,"Engineering",IE,"Principal Engineer",active,2023-03-14,EUR,annual,169620.00,31507.00,0.00,0.00,"Bulk batch generation row 865"
EMP1866,Donald,Allen,donald.allen.866@acmecorp.internal,"Sales & Marketing",SG,"Account Executive",active,2024-07-16,SGD,annual,134043.00,8301.00,23878.00,0.00,"Bulk batch generation row 866"
EMP1867,Lucas,Nguyen,lucas.nguyen.867@acmecorp.internal,"Engineering",US,"Junior Software Engineer",active,2025-09-09,USD,annual,86983.00,7343.00,0.00,11434.00,"Bulk batch generation row 867"
EMP1868,Susan,Hernandez,susan.hernandez.868@acmecorp.internal,"Engineering",AU,"Principal Engineer",active,2023-10-10,AUD,annual,200462.00,10444.00,0.00,0.00,"Bulk batch generation row 868"
EMP1869,George,Thomas,george.thomas.869@acmecorp.internal,"Sales & Marketing",DE,"Inbound Sales Specialist",active,2021-09-07,EUR,annual,101359.00,11299.00,12433.00,0.00,"Bulk batch generation row 869"
EMP1870,Kenneth,Smith,kenneth.smith.870@acmecorp.internal,"Engineering",NL,"Software Engineer",active,2023-01-27,EUR,annual,111291.00,14244.00,0.00,0.00,"Bulk batch generation row 870"
EMP1871,Sophia,Williams,sophia.williams.871@acmecorp.internal,"Engineering",IE,"Staff Engineer",active,2023-12-28,EUR,annual,188603.00,11057.00,0.00,0.00,"Bulk batch generation row 871"
EMP1872,Sandra,Miller,sandra.miller.872@acmecorp.internal,"Engineering",DE,"Senior Software Engineer",active,2021-12-06,EUR,annual,118799.00,13516.00,0.00,14495.00,"Bulk batch generation row 872"
EMP1873,Mark,Garcia,mark.garcia.873@acmecorp.internal,"Engineering",IE,"DevOps Engineer",active,2024-08-01,EUR,annual,98030.00,7863.00,0.00,0.00,"Bulk batch generation row 873"
EMP1874,David,Jones,david.jones.874@acmecorp.internal,"Sales & Marketing",US,"Customer Success Manager",active,2022-02-23,USD,annual,146248.00,19877.00,43061.00,8594.00,"Bulk batch generation row 874"
EMP1875,Luna,Williams,luna.williams.875@acmecorp.internal,"Engineering",GB,"Fullstack Engineer",terminated,2022-05-22,GBP,annual,157623.00,20577.00,0.00,6065.00,"Bulk batch generation row 875"
EMP1876,Mary,Miller,mary.miller.876@acmecorp.internal,"Engineering",US,"Staff Engineer",active,2022-05-01,USD,annual,184532.00,23350.00,0.00,8330.00,"Bulk batch generation row 876"
EMP1877,Charles,Lee,charles.lee.877@acmecorp.internal,"Sales & Marketing",CA,"Product Marketing Manager",active,2022-10-03,CAD,annual,80448.00,4852.00,15949.00,0.00,"Bulk batch generation row 877"
EMP1878,Liam,Green,liam.green.878@acmecorp.internal,"Sales & Marketing",CA,"Product Marketing Manager",active,2022-07-23,CAD,annual,97280.00,17984.00,22734.00,0.00,"Bulk batch generation row 878"
EMP1879,Oliver,Thomas,oliver.thomas.879@acmecorp.internal,"Engineering",IE,"Software Engineer",active,2023-01-10,EUR,annual,76963.00,6828.00,0.00,0.00,"Bulk batch generation row 879"
EMP1880,Liam,Harris,liam.harris.880@acmecorp.internal,"Engineering",IE,"Software Engineer",active,2021-06-18,EUR,annual,93277.00,11151.00,0.00,0.00,"Bulk batch generation row 880"
EMP1881,Jessica,Flores,jessica.flores.881@acmecorp.internal,"Engineering",CA,"Engineering Manager",active,2021-12-01,CAD,annual,91647.00,16313.00,0.00,0.00,"Bulk batch generation row 881"
EMP1882,Abigail,Thompson,abigail.thompson.882@acmecorp.internal,"Engineering",CA,"Junior Software Engineer",active,2024-07-27,CAD,annual,128404.00,20229.00,0.00,0.00,"Bulk batch generation row 882"
EMP1883,Jackson,Roberts,jackson.roberts.883@acmecorp.internal,"Engineering",NL,"Frontend Developer",active,2022-01-11,EUR,annual,136891.00,25523.00,0.00,14224.00,"Bulk batch generation row 883"
EMP1884,Robert,Martinez,robert.martinez.884@acmecorp.internal,"Engineering",SG,"DevOps Engineer",on_leave,2021-02-11,SGD,annual,112039.00,14721.00,0.00,0.00,"Bulk batch generation row 884"
EMP1885,Ashley,Clark,ashley.clark.885@acmecorp.internal,"Sales & Marketing",DE,"Account Executive",active,2021-07-10,EUR,annual,86510.00,14576.00,23055.00,0.00,"Bulk batch generation row 885"
EMP1886,Edward,Johnson,edward.johnson.886@acmecorp.internal,"Engineering",IE,"Frontend Developer",active,2025-02-10,EUR,annual,89038.00,9460.00,0.00,0.00,"Bulk batch generation row 886"
EMP1887,Kevin,Mitchell,kevin.mitchell.887@acmecorp.internal,"Engineering",US,"Fullstack Engineer",active,2022-06-11,USD,annual,101568.00,17906.00,0.00,10194.00,"Bulk batch generation row 887"
EMP1888,Charlotte,Hall,charlotte.hall.888@acmecorp.internal,"Sales & Marketing",CA,"Sales Development Rep",active,2024-06-07,CAD,annual,133550.00,19157.00,17617.00,14751.00,"Bulk batch generation row 888"
EMP1889,Paul,Rodriguez,paul.rodriguez.889@acmecorp.internal,"Engineering",AU,"Fullstack Engineer",active,2021-11-06,AUD,annual,139118.00,21767.00,0.00,0.00,"Bulk batch generation row 889"
EMP1890,Emily,Nelson,emily.nelson.890@acmecorp.internal,"Engineering",NL,"DevOps Engineer",active,2024-12-08,EUR,annual,86766.00,12507.00,0.00,12123.00,"Bulk batch generation row 890"
EMP1891,Ava,Miller,ava.miller.891@acmecorp.internal,"Engineering",FR,"Senior Software Engineer",active,2024-05-26,EUR,annual,137084.00,22865.00,0.00,0.00,"Bulk batch generation row 891"
EMP1892,Joseph,Wright,joseph.wright.892@acmecorp.internal,"Engineering",IE,"Fullstack Engineer",active,2022-06-23,EUR,annual,105294.00,18713.00,0.00,0.00,"Bulk batch generation row 892"
EMP1893,Donald,Jones,donald.jones.893@acmecorp.internal,"Sales & Marketing",SG,"Enterprise Account Exec",active,2024-11-13,SGD,annual,126007.00,21411.00,37545.00,0.00,"Bulk batch generation row 893"
EMP1894,Gianna,Harris,gianna.harris.894@acmecorp.internal,"Sales & Marketing",US,"Inbound Sales Specialist",active,2021-03-11,USD,annual,127565.00,7562.00,28371.00,0.00,"Bulk batch generation row 894"
EMP1895,James,Jones,james.jones.895@acmecorp.internal,"Engineering",IE,"Data Engineer",active,2022-11-17,EUR,annual,113136.00,11016.00,0.00,10894.00,"Bulk batch generation row 895"
EMP1896,Abigail,Baker,abigail.baker.896@acmecorp.internal,"Sales & Marketing",AU,"Account Executive",on_leave,2023-04-20,AUD,annual,119664.00,14095.00,33463.00,0.00,"Bulk batch generation row 896"
EMP1897,Joseph,Hall,joseph.hall.897@acmecorp.internal,"Sales & Marketing",AU,"Growth Marketing Specialist",active,2024-02-11,AUD,annual,101606.00,12062.00,13233.00,5752.00,"Bulk batch generation row 897"
EMP1898,Lisa,Martinez,lisa.martinez.898@acmecorp.internal,"Sales & Marketing",IE,"Marketing Operations Lead",active,2023-04-02,EUR,annual,146437.00,10544.00,43842.00,0.00,"Bulk batch generation row 898"
EMP1899,Abigail,Thomas,abigail.thomas.899@acmecorp.internal,"Engineering",FR,"Fullstack Engineer",active,2021-12-25,EUR,annual,153422.00,10220.00,0.00,0.00,"Bulk batch generation row 899"
EMP1900,Isabella,Davis,isabella.davis.900@acmecorp.internal,"Engineering",AU,"Backend Developer",active,2021-09-14,AUD,annual,153572.00,17658.00,0.00,0.00,"Bulk batch generation row 900"
EMP1901,Benjamin,Taylor,benjamin.taylor.901@acmecorp.internal,"Sales & Marketing",IE,"Product Marketing Manager",active,2025-04-25,EUR,annual,154987.00,25165.00,40751.00,14751.00,"Bulk batch generation row 901"
EMP1902,Lucas,Nelson,lucas.nelson.902@acmecorp.internal,"Engineering",IE,"Software Engineer",terminated,2023-10-18,EUR,annual,140862.00,9447.00,0.00,0.00,"Bulk batch generation row 902"
EMP1903,Joseph,Flores,joseph.flores.903@acmecorp.internal,"Sales & Marketing",GB,"Director of Sales",active,2024-09-17,GBP,annual,200915.00,19304.00,54751.00,0.00,"Bulk batch generation row 903"
EMP1904,Alexander,Gonzalez,alexander.gonzalez.904@acmecorp.internal,"Engineering",NL,"Data Engineer",active,2025-02-02,EUR,annual,75425.00,11125.00,0.00,11410.00,"Bulk batch generation row 904"
EMP1905,Thomas,Perez,thomas.perez.905@acmecorp.internal,"Engineering",CA,"Cloud Architect",on_leave,2022-08-20,CAD,annual,77793.00,5791.00,0.00,7408.00,"Bulk batch generation row 905"
EMP1906,Anthony,Davis,anthony.davis.906@acmecorp.internal,"Engineering",SG,"QA Automation Engineer",active,2024-07-19,SGD,annual,132000.00,14478.00,0.00,7461.00,"Bulk batch generation row 906"
EMP1907,Alexander,Anderson,alexander.anderson.907@acmecorp.internal,"Sales & Marketing",FR,"Sales Development Rep",active,2025-03-24,EUR,annual,152764.00,8247.00,42265.00,0.00,"Bulk batch generation row 907"
EMP1908,Anthony,Walker,anthony.walker.908@acmecorp.internal,"Engineering",FR,"Frontend Developer",active,2025-03-03,EUR,annual,117969.00,17773.00,0.00,0.00,"Bulk batch generation row 908"
EMP1909,Donald,Lee,donald.lee.909@acmecorp.internal,"Engineering",US,"Cloud Architect",active,2024-11-08,USD,annual,155906.00,25697.00,0.00,0.00,"Bulk batch generation row 909"
EMP1910,Lucas,Campbell,lucas.campbell.910@acmecorp.internal,"Sales & Marketing",SG,"Senior Account Executive",active,2023-11-02,SGD,annual,175857.00,23147.00,51297.00,11910.00,"Bulk batch generation row 910"
EMP1911,Jessica,Smith,jessica.smith.911@acmecorp.internal,"Engineering",AU,"Software Engineer",active,2022-02-15,AUD,annual,117466.00,11537.00,0.00,0.00,"Bulk batch generation row 911"
EMP1912,Susan,Robinson,susan.robinson.912@acmecorp.internal,"Sales & Marketing",SG,"Product Marketing Manager",active,2025-10-10,SGD,annual,132808.00,15402.00,20897.00,0.00,"Bulk batch generation row 912"
EMP1913,Sarah,Harris,sarah.harris.913@acmecorp.internal,"Engineering",US,"Data Engineer",active,2025-01-25,USD,annual,159714.00,30963.00,0.00,12596.00,"Bulk batch generation row 913"
EMP1914,Isabella,Harris,isabella.harris.914@acmecorp.internal,"Engineering",DE,"QA Automation Engineer",active,2023-01-10,EUR,annual,88830.00,17106.00,0.00,0.00,"Bulk batch generation row 914"
EMP1915,Matthew,Thompson,matthew.thompson.915@acmecorp.internal,"Engineering",DE,"Security Engineer",active,2023-03-23,EUR,annual,134524.00,18281.00,0.00,0.00,"Bulk batch generation row 915"
EMP1916,Emily,Martinez,emily.martinez.916@acmecorp.internal,"Sales & Marketing",US,"Enterprise Account Exec",active,2022-08-02,USD,annual,86699.00,13852.00,24555.00,0.00,"Bulk batch generation row 916"
EMP1917,Mary,Adams,mary.adams.917@acmecorp.internal,"Engineering",AU,"Backend Developer",active,2024-03-12,AUD,annual,151332.00,11034.00,0.00,9529.00,"Bulk batch generation row 917"
EMP1918,Elijah,Moore,elijah.moore.918@acmecorp.internal,"Engineering",SG,"Cloud Architect",active,2023-10-12,SGD,annual,81016.00,7137.00,0.00,0.00,"Bulk batch generation row 918"
EMP1919,Benjamin,Baker,benjamin.baker.919@acmecorp.internal,"Engineering",SG,"DevOps Engineer",active,2024-10-28,SGD,annual,94207.00,16556.00,0.00,0.00,"Bulk batch generation row 919"
EMP1920,James,Anderson,james.anderson.920@acmecorp.internal,"Engineering",AU,"Junior Software Engineer",active,2021-01-17,AUD,annual,103529.00,12437.00,0.00,0.00,"Bulk batch generation row 920"
EMP1921,Mia,Adams,mia.adams.921@acmecorp.internal,"Sales & Marketing",GB,"Director of Sales",on_leave,2021-02-20,GBP,annual,228716.00,26927.00,63144.00,10862.00,"Bulk batch generation row 921"
EMP1922,Deborah,Ramirez,deborah.ramirez.922@acmecorp.internal,"Engineering",SG,"QA Automation Engineer",active,2025-06-01,SGD,annual,142761.00,21469.00,0.00,0.00,"Bulk batch generation row 922"
EMP1923,Patricia,Nguyen,patricia.nguyen.923@acmecorp.internal,"Sales & Marketing",SG,"Director of Sales",active,2024-12-15,SGD,annual,174457.00,30307.00,50934.00,0.00,"Bulk batch generation row 923"
EMP1924,Anthony,Sanchez,anthony.sanchez.924@acmecorp.internal,"Sales & Marketing",DE,"Product Marketing Manager",active,2024-02-18,EUR,annual,156631.00,19760.00,19894.00,8616.00,"Bulk batch generation row 924"
EMP1925,Patricia,Miller,patricia.miller.925@acmecorp.internal,"Engineering",AU,"Site Reliability Engineer",active,2025-05-21,AUD,annual,136421.00,19628.00,0.00,0.00,"Bulk batch generation row 925"
EMP1926,Liam,Anderson,liam.anderson.926@acmecorp.internal,"Engineering",US,"Senior Software Engineer",active,2025-08-06,USD,annual,136474.00,18657.00,0.00,5399.00,"Bulk batch generation row 926"
EMP1927,Henry,Brown,henry.brown.927@acmecorp.internal,"Engineering",IE,"Fullstack Engineer",active,2021-06-14,EUR,annual,83217.00,10051.00,0.00,0.00,"Bulk batch generation row 927"
EMP1928,Kenneth,Rivera,kenneth.rivera.928@acmecorp.internal,"Engineering",AU,"Site Reliability Engineer",active,2024-08-18,AUD,annual,88865.00,12816.00,0.00,0.00,"Bulk batch generation row 928"
EMP1929,Abigail,Lee,abigail.lee.929@acmecorp.internal,"Engineering",SG,"QA Automation Engineer",active,2022-10-16,SGD,annual,83871.00,13246.00,0.00,0.00,"Bulk batch generation row 929"
EMP1930,Karen,Campbell,karen.campbell.930@acmecorp.internal,"Engineering",NL,"Principal Engineer",on_leave,2025-09-21,EUR,annual,215001.00,39326.00,0.00,5523.00,"Bulk batch generation row 930"
EMP1931,Joseph,Mitchell,joseph.mitchell.931@acmecorp.internal,"Engineering",CA,"QA Automation Engineer",active,2022-04-17,CAD,annual,91745.00,11777.00,0.00,0.00,"Bulk batch generation row 931"
EMP1932,Brian,Lee,brian.lee.932@acmecorp.internal,"Engineering",GB,"Software Engineer",active,2024-08-11,GBP,annual,123478.00,24181.00,0.00,0.00,"Bulk batch generation row 932"
EMP1933,Elizabeth,Green,elizabeth.green.933@acmecorp.internal,"Sales & Marketing",GB,"VP of Global Sales",active,2022-05-07,GBP,annual,209976.00,29695.00,55469.00,0.00,"Bulk batch generation row 933"
EMP1934,Jackson,Scott,jackson.scott.934@acmecorp.internal,"Sales & Marketing",US,"VP of Global Sales",active,2024-09-24,USD,annual,227542.00,39099.00,43112.00,0.00,"Bulk batch generation row 934"
EMP1935,James,Sanchez,james.sanchez.935@acmecorp.internal,"Engineering",GB,"Engineering Manager",active,2021-04-02,GBP,annual,125549.00,14690.00,0.00,0.00,"Bulk batch generation row 935"
EMP1936,Matthew,Thompson,matthew.thompson.936@acmecorp.internal,"Engineering",FR,"Data Engineer",active,2023-04-27,EUR,annual,92841.00,14150.00,0.00,0.00,"Bulk batch generation row 936"
EMP1937,Mia,Nguyen,mia.nguyen.937@acmecorp.internal,"Sales & Marketing",IE,"Product Marketing Manager",active,2021-02-27,EUR,annual,133685.00,20982.00,24422.00,9776.00,"Bulk batch generation row 937"
EMP1938,Mia,Mitchell,mia.mitchell.938@acmecorp.internal,"Sales & Marketing",IE,"Head of Partnerships",active,2023-07-16,EUR,annual,77958.00,6207.00,18796.00,0.00,"Bulk batch generation row 938"
EMP1939,Ashley,Mitchell,ashley.mitchell.939@acmecorp.internal,"Sales & Marketing",US,"Sales Development Rep",active,2023-07-26,USD,annual,101375.00,18503.00,14905.00,0.00,"Bulk batch generation row 939"
EMP1940,Donna,Baker,donna.baker.940@acmecorp.internal,"Engineering",DE,"Site Reliability Engineer",active,2023-01-14,EUR,annual,98252.00,11261.00,0.00,0.00,"Bulk batch generation row 940"
EMP1941,Stephanie,Sanchez,stephanie.sanchez.941@acmecorp.internal,"Engineering",NL,"Principal Engineer",active,2022-08-14,EUR,annual,229285.00,15064.00,0.00,6517.00,"Bulk batch generation row 941"
EMP1942,James,Wright,james.wright.942@acmecorp.internal,"Engineering",CA,"Site Reliability Engineer",active,2022-10-07,CAD,annual,144747.00,20178.00,0.00,0.00,"Bulk batch generation row 942"
EMP1943,Melissa,King,melissa.king.943@acmecorp.internal,"Sales & Marketing",DE,"Enterprise Account Exec",active,2022-09-02,EUR,annual,110768.00,16662.00,15454.00,0.00,"Bulk batch generation row 943"
EMP1944,Christopher,Roberts,christopher.roberts.944@acmecorp.internal,"Sales & Marketing",FR,"Director of Sales",active,2023-11-18,EUR,annual,227441.00,24064.00,63907.00,14463.00,"Bulk batch generation row 944"
EMP1945,Christopher,Jones,christopher.jones.945@acmecorp.internal,"Sales & Marketing",US,"Product Marketing Manager",active,2025-04-02,USD,annual,150352.00,20367.00,40978.00,8562.00,"Bulk batch generation row 945"
EMP1946,Jessica,Baker,jessica.baker.946@acmecorp.internal,"Sales & Marketing",FR,"Director of Sales",active,2022-07-17,EUR,annual,224395.00,37556.00,42295.00,0.00,"Bulk batch generation row 946"
EMP1947,Thomas,Roberts,thomas.roberts.947@acmecorp.internal,"Engineering",NL,"Senior Software Engineer",active,2021-01-08,EUR,annual,149089.00,14673.00,0.00,13604.00,"Bulk batch generation row 947"
EMP1948,Margaret,Sanchez,margaret.sanchez.948@acmecorp.internal,"Engineering",CA,"Backend Developer",active,2021-09-12,CAD,annual,90200.00,5606.00,0.00,9275.00,"Bulk batch generation row 948"
EMP1949,Jack,Rodriguez,jack.rodriguez.949@acmecorp.internal,"Engineering",GB,"Software Engineer",terminated,2023-10-04,GBP,annual,89319.00,8555.00,0.00,0.00,"Bulk batch generation row 949"
EMP1950,Joseph,Green,joseph.green.950@acmecorp.internal,"Sales & Marketing",AU,"Head of Partnerships",active,2022-02-14,AUD,annual,83029.00,12555.00,15593.00,6604.00,"Bulk batch generation row 950"
EMP1951,Lucas,Lee,lucas.lee.951@acmecorp.internal,"Engineering",NL,"QA Automation Engineer",active,2023-06-10,EUR,annual,86978.00,8800.00,0.00,12241.00,"Bulk batch generation row 951"
EMP1952,Elijah,Clark,elijah.clark.952@acmecorp.internal,"Sales & Marketing",IE,"Product Marketing Manager",active,2022-08-22,EUR,annual,102605.00,18819.00,24447.00,7983.00,"Bulk batch generation row 952"
EMP1953,Mary,Smith,mary.smith.953@acmecorp.internal,"Sales & Marketing",NL,"VP of Global Sales",active,2023-08-07,EUR,annual,175791.00,26812.00,26726.00,7550.00,"Bulk batch generation row 953"
EMP1954,Henry,Brown,henry.brown.954@acmecorp.internal,"Engineering",CA,"Senior Software Engineer",active,2024-06-09,CAD,annual,146375.00,24212.00,0.00,0.00,"Bulk batch generation row 954"
EMP1955,Amelia,Martinez,amelia.martinez.955@acmecorp.internal,"Sales & Marketing",AU,"Inbound Sales Specialist",active,2021-10-25,AUD,annual,116295.00,20934.00,14417.00,13094.00,"Bulk batch generation row 955"
EMP1956,William,Martin,william.martin.956@acmecorp.internal,"Engineering",AU,"Junior Software Engineer",active,2025-06-25,AUD,annual,81050.00,12222.00,0.00,0.00,"Bulk batch generation row 956"
EMP1957,Elijah,Young,elijah.young.957@acmecorp.internal,"Engineering",FR,"Frontend Developer",active,2025-09-21,EUR,annual,79331.00,12980.00,0.00,5053.00,"Bulk batch generation row 957"
EMP1958,Emily,Sanchez,emily.sanchez.958@acmecorp.internal,"Sales & Marketing",IE,"Customer Success Manager",active,2022-08-27,EUR,annual,158105.00,14788.00,42450.00,0.00,"Bulk batch generation row 958"
EMP1959,Melissa,Jackson,melissa.jackson.959@acmecorp.internal,"Sales & Marketing",IE,"Director of Sales",active,2022-02-21,EUR,annual,162464.00,19203.00,25762.00,0.00,"Bulk batch generation row 959"
EMP1960,Lisa,Hall,lisa.hall.960@acmecorp.internal,"Engineering",IE,"Backend Developer",active,2021-03-21,EUR,annual,84851.00,13435.00,0.00,0.00,"Bulk batch generation row 960"
EMP1961,Melissa,Martinez,melissa.martinez.961@acmecorp.internal,"Engineering",US,"Junior Software Engineer",active,2021-04-08,USD,annual,81492.00,13947.00,0.00,0.00,"Bulk batch generation row 961"
EMP1962,Henry,Robinson,henry.robinson.962@acmecorp.internal,"Engineering",IE,"Security Engineer",active,2023-12-06,EUR,annual,124775.00,11801.00,0.00,5594.00,"Bulk batch generation row 962"
EMP1963,Evelyn,Nguyen,evelyn.nguyen.963@acmecorp.internal,"Engineering",CA,"Cloud Architect",active,2025-04-11,CAD,annual,131948.00,12120.00,0.00,11458.00,"Bulk batch generation row 963"
EMP1964,Charles,Scott,charles.scott.964@acmecorp.internal,"Engineering",FR,"Frontend Developer",terminated,2025-05-21,EUR,annual,154940.00,14748.00,0.00,0.00,"Bulk batch generation row 964"
EMP1965,Levi,Clark,levi.clark.965@acmecorp.internal,"Engineering",AU,"Cloud Architect",active,2021-10-25,AUD,annual,139648.00,19572.00,0.00,0.00,"Bulk batch generation row 965"
EMP1966,Thomas,Scott,thomas.scott.966@acmecorp.internal,"Engineering",GB,"Data Engineer",active,2022-08-05,GBP,annual,129461.00,12034.00,0.00,12558.00,"Bulk batch generation row 966"
EMP1967,Nancy,Harris,nancy.harris.967@acmecorp.internal,"Sales & Marketing",NL,"Customer Success Manager",active,2022-11-08,EUR,annual,78804.00,4628.00,20336.00,0.00,"Bulk batch generation row 967"
EMP1968,Jennifer,Hernandez,jennifer.hernandez.968@acmecorp.internal,"Engineering",DE,"Data Engineer",active,2023-02-12,EUR,annual,78664.00,14825.00,0.00,0.00,"Bulk batch generation row 968"
EMP1969,Thomas,Carter,thomas.carter.969@acmecorp.internal,"Sales & Marketing",CA,"Senior Account Executive",active,2021-07-19,CAD,annual,188759.00,26266.00,20753.00,14455.00,"Bulk batch generation row 969"
EMP1970,Noah,Martinez,noah.martinez.970@acmecorp.internal,"Engineering",GB,"Senior Software Engineer",active,2022-06-07,GBP,annual,178021.00,28774.00,0.00,0.00,"Bulk batch generation row 970"
EMP1971,Michael,Martin,michael.martin.971@acmecorp.internal,"Engineering",AU,"Security Engineer",active,2025-06-18,AUD,annual,103126.00,5670.00,0.00,9922.00,"Bulk batch generation row 971"
EMP1972,Liam,Roberts,liam.roberts.972@acmecorp.internal,"Engineering",FR,"Principal Engineer",active,2024-05-24,EUR,annual,151061.00,22650.00,0.00,0.00,"Bulk batch generation row 972"
EMP1973,Edward,Sanchez,edward.sanchez.973@acmecorp.internal,"Sales & Marketing",DE,"Head of Partnerships",active,2023-07-01,EUR,annual,89554.00,10231.00,14438.00,11282.00,"Bulk batch generation row 973"
EMP1974,Lisa,Hill,lisa.hill.974@acmecorp.internal,"Engineering",DE,"Staff Engineer",active,2021-01-02,EUR,annual,217313.00,41695.00,0.00,0.00,"Bulk batch generation row 974"
EMP1975,Amelia,Sanchez,amelia.sanchez.975@acmecorp.internal,"Sales & Marketing",AU,"Growth Marketing Specialist",active,2022-02-07,AUD,annual,82469.00,8198.00,9711.00,6549.00,"Bulk batch generation row 975"
EMP1976,Deborah,Adams,deborah.adams.976@acmecorp.internal,"Engineering",NL,"Staff Engineer",active,2025-09-25,EUR,annual,207211.00,23876.00,0.00,13941.00,"Bulk batch generation row 976"
EMP1977,Susan,Anderson,susan.anderson.977@acmecorp.internal,"Engineering",FR,"Backend Developer",active,2022-05-17,EUR,annual,149296.00,28670.00,0.00,0.00,"Bulk batch generation row 977"
EMP1978,Jack,Green,jack.green.978@acmecorp.internal,"Sales & Marketing",SG,"Product Marketing Manager",active,2023-04-08,SGD,annual,136557.00,22054.00,34302.00,6601.00,"Bulk batch generation row 978"
EMP1979,Elizabeth,Rivera,elizabeth.rivera.979@acmecorp.internal,"Sales & Marketing",GB,"Inbound Sales Specialist",active,2021-09-16,GBP,annual,106310.00,9897.00,17963.00,12419.00,"Bulk batch generation row 979"
EMP1980,Jennifer,Lopez,jennifer.lopez.980@acmecorp.internal,"Engineering",CA,"Site Reliability Engineer",on_leave,2024-12-02,CAD,annual,148244.00,20580.00,0.00,11459.00,"Bulk batch generation row 980"
EMP1981,David,King,david.king.981@acmecorp.internal,"Sales & Marketing",IE,"VP of Global Sales",on_leave,2022-03-25,EUR,annual,156163.00,15339.00,32529.00,12344.00,"Bulk batch generation row 981"
EMP1982,Kevin,Hall,kevin.hall.982@acmecorp.internal,"Engineering",SG,"Frontend Developer",active,2021-11-26,SGD,annual,140857.00,13825.00,0.00,5655.00,"Bulk batch generation row 982"
EMP1983,Olivia,Nelson,olivia.nelson.983@acmecorp.internal,"Sales & Marketing",US,"Marketing Operations Lead",active,2022-06-03,USD,annual,130415.00,17889.00,21697.00,0.00,"Bulk batch generation row 983"
EMP1984,Melissa,Jackson,melissa.jackson.984@acmecorp.internal,"Sales & Marketing",FR,"Inbound Sales Specialist",active,2024-02-22,EUR,annual,81054.00,6067.00,17134.00,0.00,"Bulk batch generation row 984"
EMP1985,Brian,Carter,brian.carter.985@acmecorp.internal,"Sales & Marketing",SG,"Senior Account Executive",active,2024-06-10,SGD,annual,124387.00,15293.00,33923.00,0.00,"Bulk batch generation row 985"
EMP1986,Karen,Torres,karen.torres.986@acmecorp.internal,"Sales & Marketing",NL,"Sales Development Rep",terminated,2025-08-03,EUR,annual,109738.00,16740.00,23008.00,0.00,"Bulk batch generation row 986"
EMP1987,Emma,Nguyen,emma.nguyen.987@acmecorp.internal,"Engineering",US,"Backend Developer",active,2022-08-01,USD,annual,78678.00,15232.00,0.00,0.00,"Bulk batch generation row 987"
EMP1988,Jack,Campbell,jack.campbell.988@acmecorp.internal,"Engineering",GB,"DevOps Engineer",active,2025-02-15,GBP,annual,96992.00,9491.00,0.00,11156.00,"Bulk batch generation row 988"
EMP1989,Stephanie,Jones,stephanie.jones.989@acmecorp.internal,"Sales & Marketing",CA,"Head of Partnerships",active,2025-04-16,CAD,annual,130426.00,19258.00,23851.00,8261.00,"Bulk batch generation row 989"
EMP1990,James,Moore,james.moore.990@acmecorp.internal,"Sales & Marketing",IE,"Product Marketing Manager",active,2022-06-28,EUR,annual,138691.00,25696.00,19898.00,8567.00,"Bulk batch generation row 990"
EMP1991,Harper,Hernandez,harper.hernandez.991@acmecorp.internal,"Engineering",AU,"QA Automation Engineer",active,2021-08-26,AUD,annual,133183.00,14797.00,0.00,7316.00,"Bulk batch generation row 991"
EMP1992,Mary,Walker,mary.walker.992@acmecorp.internal,"Engineering",FR,"Fullstack Engineer",active,2024-09-07,EUR,annual,135729.00,15282.00,0.00,10589.00,"Bulk batch generation row 992"
EMP1993,Anthony,Lopez,anthony.lopez.993@acmecorp.internal,"Sales & Marketing",GB,"Inbound Sales Specialist",active,2023-01-22,GBP,annual,114743.00,18684.00,20856.00,5645.00,"Bulk batch generation row 993"
EMP1994,Linda,Ramirez,linda.ramirez.994@acmecorp.internal,"Sales & Marketing",US,"Sales Development Rep",active,2024-01-28,USD,annual,146381.00,12791.00,15674.00,14990.00,"Bulk batch generation row 994"
EMP1995,Melissa,Anderson,melissa.anderson.995@acmecorp.internal,"Engineering",GB,"Staff Engineer",active,2021-08-17,GBP,annual,179432.00,31304.00,0.00,6459.00,"Bulk batch generation row 995"
EMP1996,Levi,Adams,levi.adams.996@acmecorp.internal,"Engineering",DE,"DevOps Engineer",active,2025-05-19,EUR,annual,92888.00,18107.00,0.00,9397.00,"Bulk batch generation row 996"
EMP1997,David,Taylor,david.taylor.997@acmecorp.internal,"Engineering",GB,"Software Engineer",active,2022-03-14,GBP,annual,150090.00,28581.00,0.00,0.00,"Bulk batch generation row 997"
EMP1998,William,Lee,william.lee.998@acmecorp.internal,"Sales & Marketing",AU,"Sales Development Rep",active,2022-12-05,AUD,annual,126213.00,19880.00,28445.00,13299.00,"Bulk batch generation row 998"
EMP1999,Mia,Hernandez,mia.hernandez.999@acmecorp.internal,"Engineering",NL,"Cloud Architect",terminated,2022-03-23,EUR,annual,154461.00,27325.00,0.00,5458.00,"Bulk batch generation row 999"
EMP2000,Jennifer,Garcia,jennifer.garcia.1000@acmecorp.internal,"Sales & Marketing",NL,"Product Marketing Manager",active,2025-07-12,EUR,annual,148192.00,8848.00,34711.00,8073.00,"Bulk batch generation row 1000"